dataset,method,params,case,seed,status,l_bar,mean_accept_length,output_tokens,draft_rounds,draft_acceptance_rate,finish_reason,reached_final_channel,wall_time_seconds
aime24,strict,strict,case_001,1,ok,2.986776859504132,3.986776859504132,2412,605.0,0.4977961432506887,stop,True,4.834248424973339
aime24,strict,strict,case_002,1,ok,1.8872346048806272,2.887234604880627,32768,11351.0,0.3145391008134379,length,False,84.34660621825606
aime24,strict,strict,case_003,1,ok,1.7481286151752298,2.7481286151752298,32306,11756.0,0.2913547691958716,stop,True,88.28623144328594
aime24,strict,strict,case_004,1,ok,2.138094553815203,3.138094553815203,21839,6959.0,0.35634909230253387,stop,True,51.659192798193544
aime24,strict,strict,case_005,1,ok,2.1878980891719744,3.1878980891719744,8008,2512.0,0.3646496815286624,stop,True,18.303349032066762
aime24,strict,strict,case_006,1,ok,2.3330812854442344,3.3330812854442344,8816,2645.0,0.3888468809073724,stop,True,19.165600968059152
aime24,strict,strict,case_007,1,ok,1.8854576080853453,2.8854576080853453,10279,3562.0,0.3142429346808909,stop,True,25.863762125838548
aime24,strict,strict,case_008,1,ok,2.456112852664577,3.456112852664577,2205,638.0,0.4093521421107628,stop,True,4.611504523083568
aime24,strict,strict,case_009,1,ok,2.093385214007782,3.093385214007782,2385,771.0,0.34889753566796367,stop,True,5.671504769008607
aime24,strict,strict,case_010,1,ok,2.4007220216606497,3.4007220216606497,942,277.0,0.4001203369434416,stop,True,2.040998495183885
aime24,strict,strict,case_011,1,ok,2.0648476257973067,3.0648476257973067,8649,2822.0,0.3441412709662178,stop,True,20.714799887966365
aime24,strict,strict,case_012,1,ok,2.0762711864406778,3.0762711864406778,1815,590.0,0.346045197740113,stop,True,4.329757232218981
aime24,strict,strict,case_013,1,ok,2.651685393258427,3.651685393258427,2275,623.0,0.4419475655430712,stop,True,4.474045711103827
aime24,strict,strict,case_014,1,ok,1.8971072867081655,2.8971072867081658,31648,10924.0,0.31618454778469424,stop,True,81.15505325607955
aime24,strict,strict,case_015,1,ok,2.5386934673366834,3.5386934673366834,3521,995.0,0.42311557788944726,stop,True,7.232428309973329
aime24,strict,strict,case_016,1,ok,2.2789523508993375,3.2789523508993375,10390,3169.0,0.3798253918165562,stop,True,23.3065512990579
aime24,strict,strict,case_017,1,ok,2.2300378173960023,3.2300378173960023,29895,9255.0,0.3716729695660004,stop,True,68.30925880465657
aime24,strict,strict,case_018,1,ok,2.471166892808684,3.471166892808684,10232,2948.0,0.4118611488014473,stop,True,21.470252234023064
aime24,strict,strict,case_019,1,ok,2.0425894378194207,3.0425894378194207,21431,7044.0,0.34043157296990345,stop,True,52.052777741104364
aime24,strict,strict,case_020,1,ok,2.5787709497206706,3.5787709497206706,3202,895.0,0.4297951582867784,stop,True,6.408490955363959
aime24,strict,strict,case_021,1,ok,1.9229612927470876,2.922961292747088,7778,2661.0,0.32049354879118125,stop,True,19.535975011065602
aime24,strict,strict,case_022,1,ok,1.713450292397661,2.7134502923976607,4640,1710.0,0.2855750487329435,stop,True,12.469889872241765
aime24,strict,strict,case_023,1,ok,2.1711340206185565,3.1711340206185565,4612,1455.0,0.3618556701030928,stop,True,10.726327137090266
aime24,strict,strict,case_024,1,ok,2.3514851485148514,3.3514851485148514,3385,1010.0,0.3919141914191419,stop,True,7.4013081467710435
aime24,strict,strict,case_025,1,ok,2.616412213740458,3.616412213740458,1894,524.0,0.4360687022900763,stop,True,3.7703080610372126
aime24,strict,strict,case_026,1,ok,1.9595972309628698,2.9595972309628698,23514,7945.0,0.3265995384938116,stop,True,58.41958930203691
aime24,strict,strict,case_027,1,ok,2.646859083191851,3.646859083191851,2147,589.0,0.4411431805319751,stop,True,4.314804241061211
aime24,strict,strict,case_028,1,ok,2.450381679389313,3.450381679389313,7232,2096.0,0.4083969465648855,stop,True,15.36511516571045
aime24,strict,strict,case_029,1,ok,1.7433995846929695,2.7433995846929697,18496,6742.0,0.29056659744882823,stop,True,49.78947592014447
aime24,strict,strict,case_030,1,ok,1.7530549898167007,2.7530549898167007,10814,3928.0,0.29217583163611677,stop,True,28.81759209604934
