target,dataset,category,method,alpha,n_pairs,l_bar_relaxed,l_bar_strict,gain,lambda,gain_over_lambda,rounds_ratio,rounds_ratio_ci_lo,rounds_ratio_ci_hi,time_ratio,time_ratio_ci_lo,time_ratio_ci_hi,eq4_predicts_win,rounds_win,time_win,time_loss_beyond_ci,same_node,same_node_pairs
qwen3-8b,speedbench,all,spec_casc_opt,0.05,672,1.87361,1.15323,1.33456,1.44443,0.923935,1.04357,0.998754,1.09208,1.05062,1.00618,1.09791,0,0,0,1,True,672
qwen3-8b,speedbench,coding,spec_casc_opt,0.05,80,1.92389,1.25711,1.29541,1.27431,1.01656,0.999772,0.918402,1.09165,1.00591,0.924686,1.10099,1,1,0,0,True,80
qwen3-8b,speedbench,math,spec_casc_opt,0.05,18,2.95519,1.5115,1.57483,2.60215,0.605202,1.6362,1.31862,2.04026,1.67134,1.34213,2.08891,0,0,0,1,True,18
qwen3-8b,speedbench,humanities,spec_casc_opt,0.05,8,1.54334,1.00996,1.26536,1.19293,1.06072,0.942342,0.791103,1.09085,0.948066,0.796579,1.09045,1,1,1,0,True,8
qwen3-8b,speedbench,stem,spec_casc_opt,0.05,6,1.63293,1.10648,1.24992,1.44746,0.863526,1.17332,0.905876,1.57023,1.1794,0.9067,1.57942,0,0,0,0,True,6
qwen3-8b,speedbench,writing,spec_casc_opt,0.05,80,1.82045,0.996601,1.41262,1.39532,1.0124,0.96484,0.892577,1.04565,0.971071,0.897322,1.05422,1,1,1,0,True,80
qwen3-8b,speedbench,summarization,spec_casc_opt,0.05,80,1.54633,1.13156,1.19459,1.36525,0.874998,1.06177,0.952815,1.1942,1.06461,0.957842,1.19473,0,0,0,0,True,80
qwen3-8b,speedbench,roleplay,spec_casc_opt,0.05,80,1.48923,0.876861,1.32627,1.66336,0.797344,1.05096,0.896997,1.23138,1.05734,0.897828,1.23583,0,0,0,0,True,80
qwen3-8b,speedbench,rag,spec_casc_opt,0.05,80,2.01386,1.34789,1.28365,1.67394,0.76684,1.17831,1.04298,1.32717,1.18488,1.04691,1.33018,0,0,0,1,True,80
qwen3-8b,speedbench,multilingual,spec_casc_opt,0.05,80,1.792,1.08534,1.33887,1.55619,0.860351,1.1808,1.04156,1.37306,1.18861,1.04428,1.3781,0,0,0,1,True,80
qwen3-8b,speedbench,reasoning,spec_casc_opt,0.05,80,2.13206,1.27917,1.37421,1.28497,1.06944,0.896495,0.806626,1.00275,0.901764,0.813037,1.01344,1,1,1,0,True,80
qwen3-8b,speedbench,qa,spec_casc_opt,0.05,80,2.07876,1.1885,1.40679,1.69946,0.827787,1.10884,0.963054,1.26468,1.12085,0.972175,1.27417,0,0,0,0,True,80
qwen3-8b,speedbench,all,mentored_dec,0.75,672,1.46713,1.15323,1.14578,1.07389,1.06695,0.935627,0.908673,0.964006,0.937437,0.910128,0.966325,1,1,1,0,True,672
qwen3-8b,speedbench,coding,mentored_dec,0.75,80,1.58342,1.25711,1.14457,1.07173,1.06797,0.931124,0.879753,0.989298,0.932342,0.881422,0.990276,1,1,1,0,True,80
qwen3-8b,speedbench,math,mentored_dec,0.75,18,1.89431,1.5115,1.15242,1.08464,1.06249,0.934756,0.704492,1.16054,0.939611,0.719119,1.16358,1,1,1,0,True,18
qwen3-8b,speedbench,humanities,mentored_dec,0.75,8,1.31674,1.00996,1.15263,1.03257,1.11627,0.894294,0.796613,0.988722,0.89696,0.800742,0.990785,1,1,1,0,True,8
qwen3-8b,speedbench,stem,mentored_dec,0.75,6,1.35884,1.10648,1.1198,0.964615,1.16088,0.86545,0.711808,1.00651,0.862032,0.70934,1.00408,1,1,1,0,True,6
qwen3-8b,speedbench,writing,mentored_dec,0.75,80,1.27599,0.996601,1.13993,1.06785,1.0675,0.931089,0.861034,1.00203,0.932858,0.863706,1.00295,1,1,1,0,True,80
qwen3-8b,speedbench,summarization,mentored_dec,0.75,80,1.36937,1.13156,1.11157,1.00883,1.10184,0.907107,0.85756,0.960581,0.909562,0.861867,0.960963,1,1,1,0,True,80
qwen3-8b,speedbench,roleplay,mentored_dec,0.75,80,1.12597,0.876861,1.13273,1.06125,1.06735,0.936436,0.883625,0.989781,0.937006,0.886879,0.9892,1,1,1,0,True,80
qwen3-8b,speedbench,rag,mentored_dec,0.75,80,1.66216,1.34789,1.13385,0.971538,1.16707,0.855853,0.784183,0.931998,0.859521,0.787685,0.936335,1,1,1,0,True,80
qwen3-8b,speedbench,multilingual,mentored_dec,0.75,80,1.32205,1.08534,1.11351,1.10308,1.00945,1.00018,0.915577,1.09571,1.00113,0.916043,1.09558,1,0,0,0,True,80
qwen3-8b,speedbench,reasoning,mentored_dec,0.75,80,1.6638,1.27917,1.16876,1.04392,1.11959,0.894688,0.839367,0.954519,0.896629,0.841622,0.956645,1,1,1,0,True,80
qwen3-8b,speedbench,qa,mentored_dec,0.75,80,1.6613,1.1885,1.21604,1.2277,0.9905,0.993732,0.884444,1.11556,0.999061,0.886124,1.13072,0,1,1,0,True,80
qwen3-8b,speedbench,all,cactus,0.35,672,3.15741,1.15323,1.93078,1.3377,1.44336,0.657714,0.628226,0.688678,0.660984,0.631578,0.69263,1,1,1,0,True,672
qwen3-8b,speedbench,coding,cactus,0.35,80,3.0949,1.25711,1.81422,1.20348,1.50749,0.638902,0.582375,0.706641,0.639156,0.58081,0.704932,1,1,1,0,True,80
qwen3-8b,speedbench,math,cactus,0.35,18,2.80076,1.5115,1.51334,1.26791,1.19357,0.815033,0.639908,0.992433,0.819703,0.641911,1.00497,1,1,1,0,True,18
qwen3-8b,speedbench,humanities,cactus,0.35,8,3.5112,1.00996,2.24442,1.08042,2.07736,0.477838,0.396057,0.608269,0.481122,0.398273,0.60844,1,1,1,0,True,8
qwen3-8b,speedbench,stem,cactus,0.35,6,3.36261,1.10648,2.07104,1.64418,1.25962,0.761009,0.485281,1.1515,0.764916,0.489142,1.16669,1,1,1,0,True,6
qwen3-8b,speedbench,writing,cactus,0.35,80,3.8101,0.996601,2.40914,1.55121,1.55307,0.615108,0.557118,0.682226,0.620356,0.55963,0.689963,1,1,1,0,True,80
qwen3-8b,speedbench,summarization,cactus,0.35,80,2.48986,1.13156,1.63723,1.32578,1.23492,0.781457,0.716689,0.857012,0.785188,0.720115,0.862481,1,1,1,0,True,80
qwen3-8b,speedbench,roleplay,cactus,0.35,80,3.3513,0.876861,2.31839,1.84645,1.2556,0.752209,0.621417,0.913735,0.759898,0.625294,0.916444,1,1,1,0,True,80
qwen3-8b,speedbench,rag,cactus,0.35,80,2.86594,1.34789,1.64656,1.3991,1.17687,0.759137,0.652671,0.880954,0.766892,0.657661,0.893376,1,1,1,0,True,80
qwen3-8b,speedbench,multilingual,cactus,0.35,80,2.88821,1.08534,1.86454,1.24189,1.50137,0.641548,0.562423,0.734493,0.643657,0.563302,0.736099,1,1,1,0,True,80
qwen3-8b,speedbench,reasoning,cactus,0.35,80,3.21343,1.27917,1.84867,1.20691,1.53173,0.627876,0.564378,0.700206,0.630471,0.567027,0.701254,1,1,1,0,True,80
qwen3-8b,speedbench,qa,cactus,0.35,80,3.575,1.1885,2.09047,1.59693,1.30905,0.712702,0.612304,0.836474,0.720947,0.618046,0.843444,1,1,1,0,True,80
qwen3-8b,speedbench,all,r_fuzzy,0.25,672,1.77048,1.15323,1.28667,1.17398,1.09599,0.923225,0.8818,0.96555,0.926548,0.885378,0.96914,1,1,1,0,True,672
qwen3-8b,speedbench,coding,r_fuzzy,0.25,80,1.82407,1.25711,1.25119,1.17535,1.06452,0.949669,0.853055,1.05668,0.95337,0.853629,1.06092,1,1,1,0,True,80
qwen3-8b,speedbench,math,r_fuzzy,0.25,18,2.21089,1.5115,1.27847,1.56925,0.814705,1.25286,1.03204,1.48831,1.26675,1.02923,1.52041,0,0,0,1,True,18
qwen3-8b,speedbench,humanities,r_fuzzy,0.25,8,1.62555,1.00996,1.30626,1.08228,1.20696,0.831471,0.687403,0.986764,0.836738,0.684488,0.996247,1,1,1,0,True,8
qwen3-8b,speedbench,stem,r_fuzzy,0.25,6,1.72418,1.10648,1.29324,1.07211,1.20625,0.824426,0.636378,0.986788,0.822582,0.647067,0.98446,1,1,1,0,True,6
qwen3-8b,speedbench,writing,r_fuzzy,0.25,80,1.64842,0.996601,1.32646,1.05861,1.25303,0.800575,0.736495,0.871185,0.803417,0.737751,0.875353,1,1,1,0,True,80
qwen3-8b,speedbench,summarization,r_fuzzy,0.25,80,1.65807,1.13156,1.24701,1.07302,1.16215,0.860859,0.779796,0.945658,0.864016,0.784817,0.945025,1,1,1,0,True,80
qwen3-8b,speedbench,roleplay,r_fuzzy,0.25,80,1.5033,0.876861,1.33377,1.15121,1.15858,0.866441,0.786433,0.949105,0.866377,0.789631,0.94733,1,1,1,0,True,80
qwen3-8b,speedbench,rag,r_fuzzy,0.25,80,1.94968,1.34789,1.25631,1.15812,1.08478,0.910608,0.778608,1.05261,0.915859,0.784675,1.05842,1,1,1,0,True,80
qwen3-8b,speedbench,multilingual,r_fuzzy,0.25,80,1.47065,1.08534,1.18477,1.28094,0.924923,1.07296,0.955394,1.19963,1.07469,0.955654,1.20593,0,0,0,0,True,80
qwen3-8b,speedbench,reasoning,r_fuzzy,0.25,80,1.98384,1.27917,1.30917,1.18345,1.10623,0.908676,0.809008,1.01969,0.911939,0.812582,1.0276,1,1,1,0,True,80
qwen3-8b,speedbench,qa,r_fuzzy,0.25,80,2.04471,1.1885,1.39123,1.13497,1.22578,0.815669,0.726309,0.914837,0.820083,0.73193,0.919072,1,1,1,0,True,80
qwen3-8b,speedbench,all,spec_casc_tok,0.8,672,1.26607,1.15323,1.05241,1.03124,1.02053,0.973713,0.94943,0.999138,0.973303,0.948849,0.999186,1,1,1,0,True,672
qwen3-8b,speedbench,coding,spec_casc_tok,0.8,80,1.41164,1.25711,1.06846,1.03356,1.03377,0.964096,0.916634,1.01733,0.963923,0.914136,1.02062,1,1,1,0,True,80
qwen3-8b,speedbench,math,spec_casc_tok,0.8,18,1.69742,1.5115,1.07403,0.987714,1.08739,0.919784,0.765042,1.08375,0.919367,0.763551,1.08158,1,1,1,0,True,18
qwen3-8b,speedbench,humanities,spec_casc_tok,0.8,8,1.13416,1.00996,1.06179,1.02916,1.03171,0.967207,0.871516,1.08402,0.970446,0.870526,1.09356,1,1,1,0,True,8
qwen3-8b,speedbench,stem,spec_casc_tok,0.8,6,1.18367,1.10648,1.03665,0.925916,1.11959,0.89857,0.762966,1.00195,0.894121,0.760637,1.00201,1,1,1,0,True,6
qwen3-8b,speedbench,writing,spec_casc_tok,0.8,80,1.09487,0.996601,1.04922,1.02957,1.01908,0.979289,0.93025,1.03016,0.978996,0.928687,1.03012,1,1,1,0,True,80
qwen3-8b,speedbench,summarization,spec_casc_tok,0.8,80,1.21059,1.13156,1.03708,0.969972,1.06918,0.937131,0.897772,0.976499,0.937883,0.897871,0.976748,1,1,1,0,True,80
qwen3-8b,speedbench,roleplay,spec_casc_tok,0.8,80,0.942075,0.876861,1.03475,1.07912,0.958883,1.03232,0.958653,1.11785,1.0323,0.957457,1.12217,0,0,0,0,True,80
qwen3-8b,speedbench,rag,spec_casc_tok,0.8,80,1.4222,1.34789,1.03165,1.00283,1.02874,0.965337,0.896081,1.03325,0.965958,0.897214,1.0309,1,1,1,0,True,80
qwen3-8b,speedbench,multilingual,spec_casc_tok,0.8,80,1.1824,1.08534,1.04654,1.05451,0.992444,1.01548,0.941108,1.10073,1.01378,0.941489,1.09461,0,0,0,0,True,80
qwen3-8b,speedbench,reasoning,spec_casc_tok,0.8,80,1.43509,1.27917,1.06841,1.00328,1.06492,0.934363,0.872179,1.00171,0.93331,0.870331,1.0029,1,1,1,0,True,80
qwen3-8b,speedbench,qa,spec_casc_tok,0.8,80,1.35202,1.1885,1.07471,1.08661,0.989051,1.00074,0.909113,1.10826,1.00195,0.910866,1.10846,0,0,0,0,True,80
