target,drafter,drafter_family,spec_method,sampler_path,dataset,method,alpha,beta,setting,l_bar_target,n_pairs,l_bar,l_bar_strict,mean_tokens,mean_tokens_strict,lambda,rounds_ratio,time_ratio,accuracy,accuracy_strict,capout_rate,capout_rate_strict,time_per_round_ratio,nodes,nodes_strict,same_node_pairs,same_node,time_ratio_same_node,lambda_ci_lo,lambda_ci_hi,rounds_ratio_ci_lo,rounds_ratio_ci_hi,time_ratio_ci_lo,time_ratio_ci_hi
Qwen/Qwen3-8B,deepseek-ai/dspark_qwen3_8b_block7,dspark,dspark,V2 accept-test-only,gsm8k_qwen3,mentored_dec,0.35,,low,2.805,150,3.04672,2.76985,1247.41,1334.59,0.934677,0.861267,0.849817,0.786667,0.753333,0.26,0.3,0.986706,kn173:147+kn174:3,kn173,147,False,0.847384,0.899846,0.969361,0.827684,0.895666,0.816087,0.8836
Qwen/Qwen3-8B,deepseek-ai/dspark_qwen3_8b_block7,dspark,dspark,V2 accept-test-only,gsm8k_qwen3,mentored_dec,0.75,,mid+high,3.246/3.687,150,3.36608,2.76985,1258.58,1334.59,0.943044,0.796989,0.790082,0.806667,0.753333,0.22,0.3,0.991334,kn176:147+kn175:3,kn173,0,False,,0.90416,0.981663,0.762473,0.833388,0.75588,0.826618
Qwen/Qwen3-8B,deepseek-ai/dspark_qwen3_8b_block7,dspark,dspark,V2 accept-test-only,gsm8k_qwen3,mentored_dec,0.15,,extra,,150,2.91675,2.76985,1247.18,1334.59,0.934502,0.89195,0.937132,0.833333,0.753333,0.206667,0.3,1.05066,kn176:147+kn175:3,kn173,0,False,,0.898311,0.972442,0.855284,0.92884,0.897019,0.977245
Qwen/Qwen3-8B,deepseek-ai/dspark_qwen3_8b_block7,dspark,dspark,V2 accept-test-only,gsm8k_qwen3,cactus,0.03,,low,2.805,150,3.00679,2.76985,1301.84,1334.59,0.975458,0.906411,0.894516,0.82,0.753333,0.24,0.3,0.986877,kn175:147+kn173:3,kn173,3,False,,0.942285,1.00965,0.873574,0.94154,0.862049,0.929217
Qwen/Qwen3-8B,deepseek-ai/dspark_qwen3_8b_block7,dspark,dspark,V2 accept-test-only,gsm8k_qwen3,cactus,0.35,,mid+high,3.246/3.687,150,3.39631,2.76985,1247.55,1334.59,0.934782,0.781638,0.762634,0.793333,0.753333,0.246667,0.3,0.975687,kn175:147+kn174:3,kn173,0,False,,0.900606,0.97025,0.751659,0.813258,0.73382,0.793295
Qwen/Qwen3-8B,deepseek-ai/dspark_qwen3_8b_block7,dspark,dspark,V2 accept-test-only,gsm8k_qwen3,spec_casc_opt,-0.3,,low,2.805,150,3.16655,2.76985,1296.38,1334.59,0.971367,0.8677,0.869516,0.8,0.753333,0.26,0.3,1.00209,kn174:147+kn173:3,kn173,3,False,,0.930802,1.01269,0.830201,0.907222,0.832876,0.908219
Qwen/Qwen3-8B,deepseek-ai/dspark_qwen3_8b_block7,dspark,dspark,V2 accept-test-only,gsm8k_qwen3,spec_casc_opt,-0.1,,mid,3.246,150,3.41078,2.76985,1280.23,1334.59,0.959263,0.804071,0.806523,0.78,0.753333,0.253333,0.3,1.00305,kn175:147+kn174:3,kn173,0,False,,0.92317,0.995137,0.773216,0.835901,0.776542,0.838769
Qwen/Qwen3-8B,deepseek-ai/dspark_qwen3_8b_block7,dspark,dspark,V2 accept-test-only,gsm8k_qwen3,spec_casc_opt,0.05,,high,3.687,150,3.92498,2.76985,1472.92,1334.59,1.10365,0.832511,0.887539,0.64,0.753333,0.406667,0.3,1.0661,kn176:147+kn175:3,kn173,0,False,,1.05549,1.15553,0.793889,0.874218,0.845709,0.932298
Qwen/Qwen3-8B,deepseek-ai/dspark_qwen3_8b_block7,dspark,dspark,V2 accept-test-only,gsm8k_qwen3,r_fuzzy,0.08,,low,2.805,150,3.00036,2.76985,1301.53,1334.59,0.975223,0.916979,0.901658,0.766667,0.753333,0.26,0.3,0.983292,kn173:147+kn175:3,kn173,147,False,0.899745,0.934836,1.01487,0.875706,0.957788,0.861115,0.941695
Qwen/Qwen3-8B,deepseek-ai/dspark_qwen3_8b_block7,dspark,dspark,V2 accept-test-only,gsm8k_qwen3,r_fuzzy,0.25,,mid+high,3.246/3.687,150,3.53537,2.76985,1393.51,1334.59,1.04414,0.858133,0.834871,0.686667,0.753333,0.366667,0.3,0.972891,kn176:147+kn174:3,kn173,0,False,,0.998025,1.09179,0.818243,0.900796,0.795642,0.876293
Qwen/Qwen3-8B,deepseek-ai/dspark_qwen3_8b_block7,dspark,dspark,V2 accept-test-only,gsm8k_qwen3,r_fuzzy,0.03,,extra,,150,2.87198,2.76985,1289.34,1334.59,0.966092,0.945456,1.00367,0.806667,0.753333,0.246667,0.3,1.06158,kn176:147+kn173:3,kn173,3,False,,0.932362,0.997286,0.909079,0.98018,0.962907,1.04165
Qwen/Qwen3-8B,deepseek-ai/dspark_qwen3_8b_block7,dspark,dspark,V2 accept-test-only,gsm8k_qwen3,spec_casc_tok,0.8,,low+mid+high,2.805/3.246/3.687,150,3.14996,2.76985,1216.22,1334.59,0.911304,0.820702,0.803375,0.826667,0.753333,0.226667,0.3,0.978888,kn175,kn173,0,False,,0.873713,0.950031,0.782644,0.860052,0.765368,0.841219
Qwen/Qwen3-8B,deepseek-ai/dspark_qwen3_8b_block7,dspark,dspark,V2 accept-test-only,gsm8k_qwen3,spec_casc_tok,0.15,,extra,,150,2.87754,2.76985,1243.57,1334.59,0.931794,0.899329,0.875377,0.82,0.753333,0.213333,0.3,0.973367,kn175:147+kn173:3,kn173,3,False,,0.891231,0.974142,0.857148,0.941967,0.833668,0.916536
Qwen/Qwen3-8B,deepseek-ai/dspark_qwen3_8b_block7,dspark,dspark,V2 accept-test-only,livecodebench_qwen3,mentored_dec,0.35,,low,2.861,90,2.65431,2.31072,8079.14,8063.42,1.00195,0.894597,0.918249,0.722222,0.744444,0.277778,0.266667,1.02644,kn174,kn175,0,False,,0.959805,1.04437,0.857756,0.932585,0.880378,0.959069
Qwen/Qwen3-8B,deepseek-ai/dspark_qwen3_8b_block7,dspark,dspark,V2 accept-test-only,livecodebench_qwen3,mentored_dec,0.55,,mid+high,2.882/2.904,90,2.86056,2.31072,8221.72,8063.42,1.01963,0.857885,0.881916,0.655556,0.744444,0.344444,0.266667,1.02801,kn173,kn175,0,False,,0.982109,1.05925,0.825845,0.891601,0.848694,0.917325
Qwen/Qwen3-8B,deepseek-ai/dspark_qwen3_8b_block7,dspark,dspark,V2 accept-test-only,livecodebench_qwen3,mentored_dec,0.15,,extra,,90,2.46918,2.31072,8012.48,8063.42,0.993682,0.940734,1.05742,0.733333,0.744444,0.277778,0.266667,1.12403,kn176:87+kn175:3,kn175,3,False,,0.955283,1.03129,0.905974,0.976479,1.01636,1.09868
Qwen/Qwen3-8B,deepseek-ai/dspark_qwen3_8b_block7,dspark,dspark,V2 accept-test-only,livecodebench_qwen3,cactus,0.08,,low+mid+high,2.861/2.882/2.904,90,2.77318,2.31072,8237.71,8063.42,1.02161,0.880678,0.934055,0.677778,0.744444,0.344444,0.266667,1.06061,kn176:87+kn173:3,kn175,0,False,,0.975337,1.06886,0.840659,0.921999,0.890228,0.978536
Qwen/Qwen3-8B,deepseek-ai/dspark_qwen3_8b_block7,dspark,dspark,V2 accept-test-only,livecodebench_qwen3,cactus,0.03,,extra,,90,2.61363,2.31072,8395.08,8063.42,1.04113,0.942943,0.946965,0.644444,0.744444,0.377778,0.266667,1.00427,kn175:87+kn174:3,kn175,87,False,0.94999,1.00221,1.0817,0.907065,0.980732,0.908656,0.986221
Qwen/Qwen3-8B,deepseek-ai/dspark_qwen3_8b_block7,dspark,dspark,V2 accept-test-only,livecodebench_qwen3,cactus,0.35,,extra,,90,3.17397,2.31072,8611.51,8063.42,1.06797,0.824257,0.826048,0.544444,0.744444,0.433333,0.266667,1.00217,kn175,kn175,90,True,0.826048,1.0227,1.11862,0.788992,0.864375,0.790506,0.867852
Qwen/Qwen3-8B,deepseek-ai/dspark_qwen3_8b_block7,dspark,dspark,V2 accept-test-only,livecodebench_qwen3,spec_casc_opt,-0.3,,low+mid+high,2.861/2.882/2.904,90,2.80088,2.31072,8405.71,8063.42,1.04245,0.890325,0.897705,0.622222,0.744444,0.4,0.266667,1.00829,kn175:87+kn174:3,kn175,87,False,0.899362,1.00366,1.08268,0.858381,0.925393,0.864512,0.93348
Qwen/Qwen3-8B,deepseek-ai/dspark_qwen3_8b_block7,dspark,dspark,V2 accept-test-only,livecodebench_qwen3,spec_casc_opt,0.05,,extra,,90,3.62403,2.31072,10053.6,8063.42,1.24681,0.875539,0.887843,0.3,0.744444,0.644444,0.266667,1.01405,kn176:87+kn174:3,kn175,0,False,,1.18275,1.32155,0.827602,0.933094,0.837681,0.944099
Qwen/Qwen3-8B,deepseek-ai/dspark_qwen3_8b_block7,dspark,dspark,V2 accept-test-only,livecodebench_qwen3,r_fuzzy,0.15,,low+mid+high,2.861/2.882/2.904,90,2.8221,2.31072,8610.07,8063.42,1.06779,0.927994,0.936639,0.411111,0.744444,0.433333,0.266667,1.00932,kn175:77+kn174:13,kn175,77,False,0.926517,1.00652,1.12824,0.874008,0.980805,0.881801,0.990081
Qwen/Qwen3-8B,deepseek-ai/dspark_qwen3_8b_block7,dspark,dspark,V2 accept-test-only,livecodebench_qwen3,r_fuzzy,0.03,,extra,,90,2.42624,2.31072,7846.12,8063.42,0.973051,0.956085,0.981067,0.611111,0.744444,0.266667,0.266667,1.02613,kn173:87+kn174:3,kn175,0,False,,0.921206,1.02157,0.901662,1.00398,0.926085,1.03012
Qwen/Qwen3-8B,deepseek-ai/dspark_qwen3_8b_block7,dspark,dspark,V2 accept-test-only,livecodebench_qwen3,r_fuzzy,0.25,,extra,,90,3.23571,2.31072,8957.08,8063.42,1.11083,0.865011,0.976897,0.322222,0.744444,0.5,0.266667,1.12935,kn176:87+kn175:3,kn175,3,False,,1.04141,1.17976,0.80997,0.921346,0.911982,1.04406
Qwen/Qwen3-8B,deepseek-ai/dspark_qwen3_8b_block7,dspark,dspark,V2 accept-test-only,livecodebench_qwen3,spec_casc_tok,0.8,,low+mid+high,2.861/2.882/2.904,90,2.785,2.31072,8155.61,8063.42,1.01143,0.869257,0.871744,0.677778,0.744444,0.322222,0.266667,1.00286,kn176:87+kn174:3,kn175,0,False,,0.96656,1.05975,0.830672,0.911294,0.832936,0.914942
Qwen/Qwen3-8B,deepseek-ai/dspark_qwen3_8b_block7,dspark,dspark,V2 accept-test-only,livecodebench_qwen3,spec_casc_tok,0.15,,extra,,90,2.43159,2.31072,8163.73,8063.42,1.01244,0.973594,0.980773,0.677778,0.744444,0.344444,0.266667,1.00737,kn175:87+kn174:3,kn175,87,False,0.980956,0.966319,1.05886,0.929645,1.01885,0.934925,1.02758
Qwen/Qwen3-8B,deepseek-ai/dspark_qwen3_8b_block7,dspark,dspark,V2 accept-test-only,mtbench_qwen3,mentored_dec,0.55,,low,2.034,80,2.6571,2.12479,2115.28,2133.4,0.991504,0.839779,0.862609,,,0.2125,0.2,1.02719,kn175:77+kn174:3,kn176,0,False,,0.931377,1.05254,0.791502,0.888438,0.814732,0.912412
Qwen/Qwen3-8B,deepseek-ai/dspark_qwen3_8b_block7,dspark,dspark,V2 accept-test-only,mtbench_qwen3,mentored_dec,0.75,,mid+high,2.635/3.237,80,2.99292,2.12479,2159.38,2133.4,1.01218,0.789822,0.81151,,,0.1625,0.2,1.02746,kn175,kn176,0,False,,0.952557,1.07381,0.747608,0.83636,0.766007,0.860286
Qwen/Qwen3-8B,deepseek-ai/dspark_qwen3_8b_block7,dspark,dspark,V2 accept-test-only,mtbench_qwen3,mentored_dec,0.15,,extra,,80,2.27505,2.12479,2015.12,2133.4,0.94456,0.901076,0.922756,,,0.1375,0.2,1.02406,kn176:77+kn173:3,kn176,77,False,0.919746,0.898799,0.991926,0.85568,0.946823,0.876634,0.967958
Qwen/Qwen3-8B,deepseek-ai/dspark_qwen3_8b_block7,dspark,dspark,V2 accept-test-only,mtbench_qwen3,cactus,0.08,,low,2.034,80,2.69045,2.12479,2167.99,2133.4,1.01621,0.856761,0.866171,,,0.2125,0.2,1.01098,kn175,kn176,0,False,,0.941586,1.08676,0.799953,0.911485,0.809218,0.919421
Qwen/Qwen3-8B,deepseek-ai/dspark_qwen3_8b_block7,dspark,dspark,V2 accept-test-only,mtbench_qwen3,cactus,0.35,,mid+high,2.635/3.237,80,3.1561,2.12479,2257.47,2133.4,1.05816,0.787131,0.789548,,,0.2125,0.2,1.00307,kn175:77+kn174:3,kn176,0,False,,0.981397,1.1397,0.734,0.843925,0.735718,0.845097
Qwen/Qwen3-8B,deepseek-ai/dspark_qwen3_8b_block7,dspark,dspark,V2 accept-test-only,mtbench_qwen3,cactus,0.03,,extra,,80,2.49023,2.12479,2135.34,2133.4,1.00091,0.896368,0.919733,,,0.2,0.2,1.02607,kn176:77+kn173:3,kn176,77,False,0.923927,0.924471,1.07441,0.830191,0.95784,0.853439,0.983075
Qwen/Qwen3-8B,deepseek-ai/dspark_qwen3_8b_block7,dspark,dspark,V2 accept-test-only,mtbench_qwen3,spec_casc_opt,-0.3,,low,2.034,80,2.71609,2.12479,2172.39,2133.4,1.01827,0.855173,0.855127,,,0.2,0.2,0.999946,kn175:77+kn173:3,kn176,0,False,,0.954333,1.08841,0.802047,0.913686,0.802906,0.912363
Qwen/Qwen3-8B,deepseek-ai/dspark_qwen3_8b_block7,dspark,dspark,V2 accept-test-only,mtbench_qwen3,spec_casc_opt,-0.1,,mid,2.635,80,3.10118,2.12479,2204.86,2133.4,1.0335,0.779341,0.782971,,,0.225,0.2,1.00466,kn175:77+kn174:3,kn176,0,False,,0.977197,1.09496,0.739235,0.820019,0.741792,0.825139
Qwen/Qwen3-8B,deepseek-ai/dspark_qwen3_8b_block7,dspark,dspark,V2 accept-test-only,mtbench_qwen3,spec_casc_opt,0.05,,high,3.237,80,3.67291,2.12479,2464.47,2133.4,1.15519,0.768953,0.775313,,,0.3,0.2,1.00827,kn176:77+kn175:3,kn176,77,False,0.771743,1.07452,1.25039,0.719392,0.824034,0.725093,0.831356
Qwen/Qwen3-8B,deepseek-ai/dspark_qwen3_8b_block7,dspark,dspark,V2 accept-test-only,mtbench_qwen3,r_fuzzy,0.15,,low,2.034,80,2.58955,2.12479,2186.99,2133.4,1.02512,0.887625,0.887188,,,0.175,0.2,0.999508,kn175:77+kn174:3,kn176,0,False,,0.968619,1.08909,0.838024,0.943024,0.836309,0.941855
Qwen/Qwen3-8B,deepseek-ai/dspark_qwen3_8b_block7,dspark,dspark,V2 accept-test-only,mtbench_qwen3,r_fuzzy,0.25,,mid+high,2.635/3.237,80,3.04735,2.12479,2269.07,2133.4,1.0636,0.817995,0.838403,,,0.25,0.2,1.02495,kn175:77+kn174:3,kn176,0,False,,0.993277,1.14527,0.76742,0.87368,0.785981,0.898658
Qwen/Qwen3-8B,deepseek-ai/dspark_qwen3_8b_block7,dspark,dspark,V2 accept-test-only,mtbench_qwen3,r_fuzzy,0.03,,extra,,80,2.20124,2.12479,2064.14,2133.4,0.967534,0.950136,0.952737,,,0.15,0.2,1.00274,kn175:77+kn173:3,kn176,0,False,,0.915494,1.01957,0.901133,1.00252,0.901475,1.00643
Qwen/Qwen3-8B,deepseek-ai/dspark_qwen3_8b_block7,dspark,dspark,V2 accept-test-only,mtbench_qwen3,spec_casc_tok,0.8,,low+mid+high,2.034/2.635/3.237,80,2.60837,2.12479,2056.94,2133.4,0.964159,0.836136,0.860914,,,0.1625,0.2,1.02963,kn174:77+kn175:3,kn176,0,False,,0.902902,1.0257,0.784803,0.888922,0.808243,0.915274
Qwen/Qwen3-8B,deepseek-ai/dspark_qwen3_8b_block7,dspark,dspark,V2 accept-test-only,mtbench_qwen3,spec_casc_tok,0.15,,extra,,80,2.28498,2.12479,2065.04,2133.4,0.967956,0.926298,1.02563,,,0.15,0.2,1.10724,kn176:77+kn173:3,kn176,77,False,1.0336,0.898916,1.03428,0.864077,0.988572,0.953505,1.1002
Qwen/Qwen3-8B,deepseek-ai/dspark_qwen3_8b_block7,dspark,dspark,V2 accept-test-only,aime24_qwen3,mentored_dec,0.35,,low,2.797,30,2.96738,2.50879,18927,19550.5,0.968107,0.847295,0.844988,0.733333,0.7,0.2,0.2,0.997277,kn176:27+kn173:3,kn176,27,False,0.825156,0.857836,1.09028,0.74644,0.966723,0.739976,0.969863
Qwen/Qwen3-8B,deepseek-ai/dspark_qwen3_8b_block7,dspark,dspark,V2 accept-test-only,aime24_qwen3,mentored_dec,0.75,,mid+high,3.408/4.019,30,3.3839,2.50879,22087.3,19550.5,1.12975,0.896014,0.900998,0.633333,0.7,0.333333,0.2,1.00556,kn175:27+kn171:3,kn176,0,False,,1.01093,1.26909,0.797265,1.01962,0.795247,1.0391
Qwen/Qwen3-8B,deepseek-ai/dspark_qwen3_8b_block7,dspark,dspark,V2 accept-test-only,aime24_qwen3,mentored_dec,0.15,,extra,,30,2.74264,2.50879,18650.2,19550.5,0.953948,0.89746,0.899539,0.7,0.7,0.166667,0.2,1.00232,kn173:29+kn172:1,kn176,0,False,,0.848615,1.05309,0.797112,0.995588,0.795809,1.00044
Qwen/Qwen3-8B,deepseek-ai/dspark_qwen3_8b_block7,dspark,dspark,V2 accept-test-only,aime24_qwen3,cactus,0.03,,low,2.797,30,2.89478,2.50879,19311.1,19550.5,0.987755,0.887465,0.88674,0.7,0.7,0.2,0.2,0.999182,kn171:27+kn173:3,kn176,0,False,,0.914902,1.06886,0.819752,0.963443,0.816045,0.967337
Qwen/Qwen3-8B,deepseek-ai/dspark_qwen3_8b_block7,dspark,dspark,V2 accept-test-only,aime24_qwen3,cactus,0.35,,mid+high,3.408/4.019,30,3.47377,2.50879,21270.8,19550.5,1.08799,0.843963,0.844623,0.7,0.7,0.2,0.2,1.00078,kn171:27+kn175:3,kn176,0,False,,0.94136,1.2616,0.721092,0.999508,0.718824,1.0107
Qwen/Qwen3-8B,deepseek-ai/dspark_qwen3_8b_block7,dspark,dspark,V2 accept-test-only,aime24_qwen3,spec_casc_opt,-0.3,,low,2.797,30,3.20066,2.50879,20507,19550.5,1.04892,0.868823,0.876469,0.666667,0.7,0.233333,0.2,1.0088,kn169:27+kn171:3,kn176,0,False,,0.931273,1.1846,0.767498,0.995953,0.766815,1.01563
Qwen/Qwen3-8B,deepseek-ai/dspark_qwen3_8b_block7,dspark,dspark,V2 accept-test-only,aime24_qwen3,spec_casc_opt,-0.1,,mid,3.408,30,3.49342,2.50879,23966.8,19550.5,1.22589,0.938863,0.95185,0.566667,0.7,0.4,0.2,1.01383,kn171:27+kn172:3,kn176,0,False,,1.07704,1.41053,0.817936,1.1011,0.819658,1.12268
Qwen/Qwen3-8B,deepseek-ai/dspark_qwen3_8b_block7,dspark,dspark,V2 accept-test-only,aime24_qwen3,spec_casc_opt,0.05,,high,4.019,30,4.21524,2.50879,29686.7,19550.5,1.51846,0.994968,1.01446,0.366667,0.7,0.7,0.2,1.01959,kn173:27+kn176:3,kn176,3,False,,1.32307,1.78769,0.852372,1.19229,0.864292,1.23269
Qwen/Qwen3-8B,deepseek-ai/dspark_qwen3_8b_block7,dspark,dspark,V2 accept-test-only,aime24_qwen3,r_fuzzy,0.15,,low,2.797,30,2.88496,2.50879,22643.8,19550.5,1.15822,1.03556,1.04549,0.633333,0.7,0.333333,0.2,1.00958,kn175:27+kn172:3,kn176,0,False,,1.02655,1.32206,0.910559,1.19827,0.909095,1.21853
Qwen/Qwen3-8B,deepseek-ai/dspark_qwen3_8b_block7,dspark,dspark,V2 accept-test-only,aime24_qwen3,r_fuzzy,0.25,,mid+high,3.408/4.019,30,3.31443,2.50879,23542,19550.5,1.20416,0.961802,0.966544,0.6,0.7,0.233333,0.2,1.00493,kn175:27+kn174:3,kn176,0,False,,1.06005,1.3882,0.838017,1.12255,0.83495,1.14369
Qwen/Qwen3-8B,deepseek-ai/dspark_qwen3_8b_block7,dspark,dspark,V2 accept-test-only,aime24_qwen3,r_fuzzy,0.03,,extra,,30,2.58631,2.50879,20008.3,19550.5,1.02342,0.996443,1.00157,0.666667,0.7,0.2,0.2,1.00514,kn175:27+kn174:3,kn176,0,False,,0.900969,1.15847,0.870501,1.14334,0.869381,1.16018
Qwen/Qwen3-8B,deepseek-ai/dspark_qwen3_8b_block7,dspark,dspark,V2 accept-test-only,aime24_qwen3,spec_casc_tok,0.35,,low,2.797,30,2.79803,2.50879,20184,19550.5,1.0324,0.95168,0.955588,0.7,0.7,0.2,0.2,1.00411,kn173:27+kn172:3,kn176,0,False,,0.901682,1.1933,0.824468,1.11293,0.81951,1.1251
Qwen/Qwen3-8B,deepseek-ai/dspark_qwen3_8b_block7,dspark,dspark,V2 accept-test-only,aime24_qwen3,spec_casc_tok,0.8,,mid+high,3.408/4.019,30,3.08867,2.50879,21451.7,19550.5,1.09724,0.932344,0.937248,0.666667,0.7,0.266667,0.2,1.00526,kn174:27+kn173:3,kn176,0,False,,0.996861,1.22654,0.84255,1.05543,0.840349,1.07233
Qwen/Qwen3-8B,deepseek-ai/dspark_qwen3_8b_block7,dspark,dspark,V2 accept-test-only,aime24_qwen3,spec_casc_tok,0.15,,extra,,30,2.75895,2.50879,18404.2,19550.5,0.941364,0.870998,0.866051,0.8,0.7,0.1,0.2,0.99432,kn172:27+kn171:3,kn176,0,False,,0.860068,1.02512,0.793834,0.956946,0.786327,0.953293
Qwen/Qwen3-8B,deepseek-ai/dspark_qwen3_8b_block7,dspark,dspark,V2 accept-test-only,longbench_v2_qwen3,mentored_dec,0.55,,low,1.759,3,1.74873,1.50923,1325.33,968.667,1.3682,1.24607,1.17347,0.666667,0.666667,0,0,0.941733,kn173,kn175,0,False,,0.922535,2.0373,0.839024,1.87234,0.871188,1.45718
Qwen/Qwen3-8B,deepseek-ai/dspark_qwen3_8b_block7,dspark,dspark,V2 accept-test-only,longbench_v2_qwen3,mentored_dec,0.35,,mid+high,2.228/2.697,36,2.26721,1.97035,2757.5,2767.28,0.996467,0.896563,0.906179,,0.583333,0,0.0277778,1.01073,kn171:33+kn175:3,kn175,3,False,,0.883415,1.13165,0.794652,1.01603,0.813784,1.01395
Qwen/Qwen3-8B,deepseek-ai/dspark_qwen3_8b_block7,dspark,dspark,V2 accept-test-only,longbench_v2_qwen3,mentored_dec,0.15,,extra,,28,2.06801,1.93267,2598.89,2586.5,1.00479,0.965233,0.98678,,0.571429,0,0.0357143,1.02232,kn175:25+kn174:3,kn175,25,False,0.965823,0.857682,1.19573,0.81906,1.15715,0.852449,1.15993
Qwen/Qwen3-8B,deepseek-ai/dspark_qwen3_8b_block7,dspark,dspark,V2 accept-test-only,longbench_v2_qwen3,cactus,0.08,,low,1.759,3,1.80532,1.50923,1280,968.667,1.3214,1.20244,1.17742,0.666667,0.666667,0,0,0.979188,kn172,kn175,0,False,,0.808853,1.88099,0.717073,1.53191,0.797882,1.38475
Qwen/Qwen3-8B,deepseek-ai/dspark_qwen3_8b_block7,dspark,dspark,V2 accept-test-only,longbench_v2_qwen3,cactus,0.35,,mid+high,2.228/2.697,3,2.24917,1.50923,1415,968.667,1.46077,1.15445,1.12236,0.666667,0.666667,0,0,0.9722,kn169,kn175,0,False,,1.32024,1.6714,1.13174,1.18049,1.09627,1.15579
Qwen/Qwen3-8B,deepseek-ai/dspark_qwen3_8b_block7,dspark,dspark,V2 accept-test-only,longbench_v2_qwen3,cactus,0.03,,extra,,55,2.17157,1.92019,2921.44,2924.75,0.998869,0.916047,0.930215,,0.545455,0.0363636,0.0363636,1.01547,kn175:52+kn169:3,kn175,52,False,0.922875,0.866054,1.14358,0.794904,1.05041,0.821587,1.04865
Qwen/Qwen3-8B,deepseek-ai/dspark_qwen3_8b_block7,dspark,dspark,V2 accept-test-only,longbench_v2_qwen3,spec_casc_opt,-0.3,,low,1.759,49,2.41363,1.91229,3070.96,2798.8,1.09724,0.916246,0.925649,,0.55102,0.0408163,0.0408163,1.01026,kn175:46+kn176:3,kn175,46,False,0.924252,0.959255,1.24599,0.808012,1.03735,0.827366,1.03292
Qwen/Qwen3-8B,deepseek-ai/dspark_qwen3_8b_block7,dspark,dspark,V2 accept-test-only,longbench_v2_qwen3,spec_casc_opt,-0.02,,mid,2.228,63,3.0283,1.92472,3166.16,2808.08,1.12752,0.792318,0.831365,,0.539683,0.0952381,0.031746,1.04928,kn173:60+kn169:3,kn175,0,False,,0.970307,1.30232,0.687038,0.912447,0.733213,0.943335
Qwen/Qwen3-8B,deepseek-ai/dspark_qwen3_8b_block7,dspark,dspark,V2 accept-test-only,longbench_v2_qwen3,spec_casc_opt,0.05,,high,2.697,70,3.52172,1.92233,3258.81,2812.51,1.15868,0.71287,0.76327,,0.514286,0.171429,0.0428571,1.0707,kn172:67+kn175:3,kn175,3,False,,1.00943,1.32237,0.620591,0.813269,0.675769,0.858877
Qwen/Qwen3-8B,deepseek-ai/dspark_qwen3_8b_block7,dspark,dspark,V2 accept-test-only,longbench_v2_qwen3,r_fuzzy,0.15,,low,1.759,25,2.21881,1.86564,2640.88,2364.16,1.11705,0.97741,1.00482,,0.64,0.04,0,1.02804,kn176:22+kn171:3,kn175,0,False,,0.918363,1.3716,0.812643,1.1801,0.853658,1.18734
Qwen/Qwen3-8B,deepseek-ai/dspark_qwen3_8b_block7,dspark,dspark,V2 accept-test-only,longbench_v2_qwen3,r_fuzzy,0.25,,mid+high,2.228/2.697,13,2.52888,1.87929,2829.54,2362,1.19794,0.923301,0.954471,,0.846154,0.153846,0,1.03376,kn169:10+kn174:3,kn175,0,False,,0.797221,1.59494,0.632082,1.27175,0.690252,1.25415
Qwen/Qwen3-8B,deepseek-ai/dspark_qwen3_8b_block7,dspark,dspark,V2 accept-test-only,longbench_v2_qwen3,r_fuzzy,0.03,,extra,,25,1.88276,1.86564,2499.12,2364.16,1.05709,1.03199,1.03332,,0.64,0,0,1.00129,kn171:22+kn176:3,kn175,0,False,,0.897786,1.2344,0.880543,1.20854,0.89892,1.19132
Qwen/Qwen3-8B,deepseek-ai/dspark_qwen3_8b_block7,dspark,dspark,V2 accept-test-only,longbench_v2_qwen3,spec_casc_tok,0.8,,low+mid+high,1.759/2.228/2.697,7,2.08654,1.71645,1810.86,1765,1.02598,0.894841,0.917467,,0.857143,0,0,1.02528,kn174:4+kn169:3,kn175,0,False,,0.918694,1.18817,0.793646,1.06849,0.822601,1.06522
Qwen/Qwen3-8B,deepseek-ai/dspark_qwen3_8b_block7,dspark,dspark,V2 accept-test-only,longbench_v2_qwen3,spec_casc_tok,0.15,,extra,,19,1.94159,1.84694,2257.05,2350.26,0.96034,0.920243,0.92761,,0.736842,0,0,1.00801,kn175,kn175,19,True,0.92761,0.792672,1.12772,0.766346,1.08075,0.790445,1.07319
