target,drafter,drafter_family,spec_method,sampler_path,dataset,method,alpha,beta,setting,l_bar_target,n_pairs,l_bar,l_bar_strict,mean_tokens,mean_tokens_strict,lambda,rounds_ratio,time_ratio,accuracy,accuracy_strict,capout_rate,capout_rate_strict,time_per_round_ratio,nodes,nodes_strict,same_node_pairs,same_node,lambda_ci_lo,lambda_ci_hi,rounds_ratio_ci_lo,rounds_ratio_ci_hi,time_ratio_ci_lo,time_ratio_ci_hi,time_ratio_same_node
meta-llama/Llama-3.1-8B-Instruct,yuhuili/EAGLE3-LLaMA3.1-Instruct-8B,eagle3,eagle3,V2 accept-test-only,gsm8k_llama31,mentored_dec,0.35,,low,1.524,150,2.55947,2.3437,353.24,289.787,1.21897,1.16986,1.14834,0.766667,0.806667,0.0733333,0.0333333,0.981607,kn176:147+kn175:3,kn175,3,False,0.948636,1.55264,0.793459,1.71955,0.785117,1.67958,
meta-llama/Llama-3.1-8B-Instruct,yuhuili/EAGLE3-LLaMA3.1-Instruct-8B,eagle3,eagle3,V2 accept-test-only,gsm8k_llama31,mentored_dec,0.55,,mid,2.753,150,2.74479,2.3437,300.367,289.787,1.03651,0.861232,0.859014,0.813333,0.806667,0.04,0.0333333,0.997425,kn174:147+kn175:3,kn175,3,False,0.821058,1.30428,0.605199,1.22797,0.61256,1.2255,
meta-llama/Llama-3.1-8B-Instruct,yuhuili/EAGLE3-LLaMA3.1-Instruct-8B,eagle3,eagle3,V2 accept-test-only,gsm8k_llama31,mentored_dec,0.75,,high,3.982,150,2.86491,2.3437,461.16,289.787,1.59138,1.24638,1.20709,0.693333,0.806667,0.12,0.0333333,0.968475,kn175,kn175,150,True,1.21772,2.02539,0.885206,1.80066,0.868419,1.7193,1.20709
meta-llama/Llama-3.1-8B-Instruct,yuhuili/EAGLE3-LLaMA3.1-Instruct-8B,eagle3,eagle3,V2 accept-test-only,gsm8k_llama31,cactus,0.03,,low+mid,1.524/2.753,150,3.29165,2.3437,1425.85,289.787,4.92036,2.92161,2.80828,0.3,0.806667,0.66,0.0333333,0.961211,kn175,kn175,150,True,3.99087,6.09032,2.15142,4.11859,2.07791,3.94004,2.80828
meta-llama/Llama-3.1-8B-Instruct,yuhuili/EAGLE3-LLaMA3.1-Instruct-8B,eagle3,eagle3,V2 accept-test-only,gsm8k_llama31,cactus,0.18,,high,3.982,150,4.20614,2.3437,1588.15,289.787,5.48042,2.66558,2.56517,0.16,0.806667,0.746667,0.0333333,0.96233,kn176:147+kn175:3,kn175,3,False,4.46843,6.78613,1.96817,3.78192,1.90767,3.57546,
meta-llama/Llama-3.1-8B-Instruct,yuhuili/EAGLE3-LLaMA3.1-Instruct-8B,eagle3,eagle3,V2 accept-test-only,gsm8k_llama31,cactus,0.35,,extra,,150,4.60447,2.3437,1697.27,289.787,5.85698,2.6754,2.78275,0.0733333,0.806667,0.8,0.0333333,1.04012,kn176:147+kn175:3,kn175,3,False,4.75877,7.20659,1.97193,3.80675,2.05777,3.90471,
meta-llama/Llama-3.1-8B-Instruct,yuhuili/EAGLE3-LLaMA3.1-Instruct-8B,eagle3,eagle3,V2 accept-test-only,gsm8k_llama31,spec_casc_opt,-0.1,,low,1.524,150,2.62053,2.3437,366.98,289.787,1.26638,1.19179,1.18126,0.706667,0.806667,0.0733333,0.0333333,0.991162,kn174:147+kn175:3,kn175,3,False,0.964105,1.63418,0.791437,1.77902,0.786692,1.75062,
meta-llama/Llama-3.1-8B-Instruct,yuhuili/EAGLE3-LLaMA3.1-Instruct-8B,eagle3,eagle3,V2 accept-test-only,gsm8k_llama31,spec_casc_opt,-0.02,,mid,2.753,150,3.11435,2.3437,391.593,289.787,1.35132,0.767113,0.767297,0.566667,0.806667,0.06,0.0333333,1.00024,kn175,kn175,150,True,1.0653,1.71181,0.568738,1.06566,0.57218,1.06837,0.767297
meta-llama/Llama-3.1-8B-Instruct,yuhuili/EAGLE3-LLaMA3.1-Instruct-8B,eagle3,eagle3,V2 accept-test-only,gsm8k_llama31,spec_casc_opt,0.05,,high,3.982,150,3.42174,2.3437,458.487,289.787,1.58215,0.821342,0.824537,0.48,0.806667,0.0933333,0.0333333,1.00389,kn175,kn175,150,True,1.24646,2.00088,0.607096,1.15118,0.617193,1.13594,0.824537
meta-llama/Llama-3.1-8B-Instruct,yuhuili/EAGLE3-LLaMA3.1-Instruct-8B,eagle3,eagle3,V2 accept-test-only,gsm8k_llama31,r_fuzzy,0.15,,low,1.524,150,1.77413,2.3437,902.753,289.787,3.11523,4.43191,4.26436,0.373333,0.806667,0.346667,0.0333333,0.962195,kn175,kn175,150,True,2.41743,3.91383,3.14772,6.45139,3.07428,6.06636,4.26436
meta-llama/Llama-3.1-8B-Instruct,yuhuili/EAGLE3-LLaMA3.1-Instruct-8B,eagle3,eagle3,V2 accept-test-only,gsm8k_llama31,r_fuzzy,0.03,,mid+high,2.753/3.982,150,2.23497,2.3437,350.38,289.787,1.2091,1.31857,1.28335,0.686667,0.806667,0.06,0.0333333,0.973288,kn175,kn175,150,True,0.93368,1.5547,0.882394,1.94568,0.873575,1.88225,1.28335
meta-llama/Llama-3.1-8B-Instruct,yuhuili/EAGLE3-LLaMA3.1-Instruct-8B,eagle3,eagle3,V2 accept-test-only,gsm8k_llama31,r_fuzzy,0.25,,extra,,150,1.38209,2.3437,1508.51,289.787,5.20558,7.57538,7.37275,0.133333,0.806667,0.666667,0.0333333,0.973251,kn175,kn175,150,True,4.27089,6.40052,5.62305,10.7207,5.47745,10.2198,7.37275
meta-llama/Llama-3.1-8B-Instruct,yuhuili/EAGLE3-LLaMA3.1-Instruct-8B,eagle3,eagle3,V2 accept-test-only,gsm8k_llama31,spec_casc_tok,0.15,,low,1.524,150,2.411,2.3437,238.013,289.787,0.82134,0.672331,0.675621,0.813333,0.806667,0.00666667,0.0333333,1.00489,kn176:147+kn175:3,kn175,3,False,0.670238,1.01751,0.478033,0.987591,0.491878,0.977684,
meta-llama/Llama-3.1-8B-Instruct,yuhuili/EAGLE3-LLaMA3.1-Instruct-8B,eagle3,eagle3,V2 accept-test-only,gsm8k_llama31,spec_casc_tok,0.8,,mid+high,2.753/3.982,150,2.6929,2.3437,240.387,289.787,0.82953,0.627862,0.623918,0.833333,0.806667,0.00666667,0.0333333,0.993718,kn176:147+kn175:3,kn175,3,False,0.683069,1.00909,0.460479,0.889871,0.462923,0.883231,
meta-llama/Llama-3.1-8B-Instruct,yuhuili/EAGLE3-LLaMA3.1-Instruct-8B,eagle3,eagle3,V2 accept-test-only,livecodebench_llama31,mentored_dec,0.75,,low,1.415,90,2.32996,2.05481,1654.94,770.3,2.14844,2.19832,2.12202,0.0666667,0.144444,0,0,0.965292,kn175,kn176,0,False,1.6716,2.69389,1.50903,3.10112,1.4799,2.98296,
meta-llama/Llama-3.1-8B-Instruct,yuhuili/EAGLE3-LLaMA3.1-Instruct-8B,eagle3,eagle3,V2 accept-test-only,livecodebench_llama31,mentored_dec,0.35,,mid+high,2.944/4.473,90,2.35749,2.05481,794.478,770.3,1.03139,0.941196,0.907036,0.144444,0.144444,0,0,0.963705,kn175,kn176,0,False,0.829237,1.28119,0.631409,1.37837,0.620465,1.32637,
meta-llama/Llama-3.1-8B-Instruct,yuhuili/EAGLE3-LLaMA3.1-Instruct-8B,eagle3,eagle3,V2 accept-test-only,livecodebench_llama31,mentored_dec,0.15,,extra,,90,2.14745,2.05481,843.844,770.3,1.09548,1.13858,1.08974,0.1,0.144444,0,0,0.957105,kn175,kn176,0,False,0.861189,1.3824,0.758253,1.6937,0.725363,1.6108,
meta-llama/Llama-3.1-8B-Instruct,yuhuili/EAGLE3-LLaMA3.1-Instruct-8B,eagle3,eagle3,V2 accept-test-only,livecodebench_llama31,cactus,0.03,,low+mid,1.415/2.944,90,3.88583,2.05481,11000.7,770.3,14.281,7.54269,7.33933,0.0222222,0.144444,0.822222,0,0.973039,kn175,kn176,0,False,12.0917,16.7155,5.74709,10.0155,5.60255,9.62962,
meta-llama/Llama-3.1-8B-Instruct,yuhuili/EAGLE3-LLaMA3.1-Instruct-8B,eagle3,eagle3,V2 accept-test-only,livecodebench_llama31,cactus,0.08,,high,4.473,90,4.30266,2.05481,9834.57,770.3,12.7672,6.21009,6.01044,0,0.144444,0.566667,0,0.967849,kn176:87+kn175:3,kn176,87,False,10.8538,14.9243,4.71838,8.24423,4.60814,7.88942,5.97901
meta-llama/Llama-3.1-8B-Instruct,yuhuili/EAGLE3-LLaMA3.1-Instruct-8B,eagle3,eagle3,V2 accept-test-only,livecodebench_llama31,cactus,0.35,,extra,,90,4.85639,2.05481,9787.14,770.3,12.7056,5.5886,5.45548,0.0111111,0.144444,0.555556,0,0.97618,kn175,kn176,0,False,10.4931,15.0989,4.11229,7.51623,4.08909,7.3108,
meta-llama/Llama-3.1-8B-Instruct,yuhuili/EAGLE3-LLaMA3.1-Instruct-8B,eagle3,eagle3,V2 accept-test-only,livecodebench_llama31,spec_casc_opt,-0.3,,low,1.415,90,2.05444,2.05481,1177.5,770.3,1.52863,1.88239,1.80629,0.122222,0.144444,0,0,0.959571,kn175,kn176,0,False,1.16963,1.95647,1.23768,2.78437,1.17957,2.67103,
meta-llama/Llama-3.1-8B-Instruct,yuhuili/EAGLE3-LLaMA3.1-Instruct-8B,eagle3,eagle3,V2 accept-test-only,livecodebench_llama31,spec_casc_opt,-0.02,,mid,2.944,90,3.40391,2.05481,1795.4,770.3,2.33078,1.29118,1.23972,0.0555556,0.144444,0,0,0.960148,kn175,kn176,0,False,1.80153,2.95177,0.914649,1.79973,0.882448,1.70706,
meta-llama/Llama-3.1-8B-Instruct,yuhuili/EAGLE3-LLaMA3.1-Instruct-8B,eagle3,eagle3,V2 accept-test-only,livecodebench_llama31,spec_casc_opt,0.05,,high,4.473,90,3.75431,2.05481,1990.87,770.3,2.58453,1.55398,1.63318,0.0222222,0.144444,0.0111111,0,1.05097,kn176:87+kn175:3,kn176,87,False,1.95073,3.34782,0.964739,2.51029,1.01333,2.64251,1.65287
meta-llama/Llama-3.1-8B-Instruct,yuhuili/EAGLE3-LLaMA3.1-Instruct-8B,eagle3,eagle3,V2 accept-test-only,livecodebench_llama31,r_fuzzy,0.08,,low,1.415,90,1.1568,2.05481,2211.1,770.3,2.87044,4.50411,4.36754,0.0555556,0.144444,0,0,0.969679,kn174:87+kn175:3,kn176,0,False,2.34666,3.48834,3.29681,6.12784,3.22569,5.92622,
meta-llama/Llama-3.1-8B-Instruct,yuhuili/EAGLE3-LLaMA3.1-Instruct-8B,eagle3,eagle3,V2 accept-test-only,livecodebench_llama31,r_fuzzy,0.03,,mid+high,2.944/4.473,90,1.64901,2.05481,1291.62,770.3,1.67678,2.23996,2.13358,0.1,0.144444,0,0,0.952506,kn173:87+kn175:3,kn176,0,False,1.36107,2.04169,1.6335,3.08647,1.55714,2.92207,
meta-llama/Llama-3.1-8B-Instruct,yuhuili/EAGLE3-LLaMA3.1-Instruct-8B,eagle3,eagle3,V2 accept-test-only,livecodebench_llama31,r_fuzzy,0.25,,extra,,90,0.742567,2.05481,3802.54,770.3,4.93645,8.18957,8.38919,0.0444444,0.144444,0,0,1.02438,kn176:87+kn175:3,kn176,87,False,4.20422,5.76564,6.19289,10.7627,6.41139,10.9645,8.29924
meta-llama/Llama-3.1-8B-Instruct,yuhuili/EAGLE3-LLaMA3.1-Instruct-8B,eagle3,eagle3,V2 accept-test-only,livecodebench_llama31,spec_casc_tok,0.35,,low,1.415,90,2.25412,2.05481,681.444,770.3,0.884648,0.765159,0.733415,0.133333,0.144444,0,0,0.958513,kn175,kn176,0,False,0.717509,1.08704,0.540394,1.09859,0.519496,1.04077,
meta-llama/Llama-3.1-8B-Instruct,yuhuili/EAGLE3-LLaMA3.1-Instruct-8B,eagle3,eagle3,V2 accept-test-only,livecodebench_llama31,spec_casc_tok,0.8,,mid+high,2.944/4.473,90,2.48901,2.05481,666.344,770.3,0.865045,0.651925,0.640107,0.166667,0.144444,0,0,0.981872,kn175,kn176,0,False,0.732048,1.00541,0.491031,0.861053,0.484133,0.844271,
meta-llama/Llama-3.1-8B-Instruct,yuhuili/EAGLE3-LLaMA3.1-Instruct-8B,eagle3,eagle3,V2 accept-test-only,livecodebench_llama31,spec_casc_tok,0.15,,extra,,90,2.25797,2.05481,655.733,770.3,0.85127,0.692187,0.670322,0.177778,0.144444,0,0,0.968412,kn175,kn176,0,False,0.728463,0.985088,0.527502,0.908941,0.515548,0.875872,
meta-llama/Llama-3.1-8B-Instruct,yuhuili/EAGLE3-LLaMA3.1-Instruct-8B,eagle3,eagle3,V2 accept-test-only,mtbench_llama31,mentored_dec,0.15,,low,1.901,80,2.16246,2.07543,520.438,472.062,1.10248,1.07709,1.08591,,,0.0125,0.0125,1.00819,kn176:77+kn175:3,kn175,3,False,0.83062,1.41855,0.678335,1.61412,0.689254,1.62068,
meta-llama/Llama-3.1-8B-Instruct,yuhuili/EAGLE3-LLaMA3.1-Instruct-8B,eagle3,eagle3,V2 accept-test-only,mtbench_llama31,mentored_dec,0.75,,mid+high,3.286/4.670,80,2.6076,2.07543,804.913,472.062,1.7051,1.58523,1.57008,,,0.0875,0.0125,0.990443,kn174:77+kn175:3,kn175,3,False,1.26095,2.26602,1.04315,2.4025,1.03796,2.38812,
meta-llama/Llama-3.1-8B-Instruct,yuhuili/EAGLE3-LLaMA3.1-Instruct-8B,eagle3,eagle3,V2 accept-test-only,mtbench_llama31,cactus,0.03,,low+mid,1.901/3.286,80,3.42095,2.07543,2486.24,472.062,5.26675,3.01869,2.94121,,,0.5625,0.0125,0.974334,kn175,kn175,80,True,4.12638,6.59725,2.06578,4.23409,2.04089,4.10496,2.94121
meta-llama/Llama-3.1-8B-Instruct,yuhuili/EAGLE3-LLaMA3.1-Instruct-8B,eagle3,eagle3,V2 accept-test-only,mtbench_llama31,cactus,0.18,,high,4.670,80,4.15167,2.07543,2026.9,472.062,4.29371,2.11688,2.10993,,,0.425,0.0125,0.996717,kn175,kn175,80,True,3.25059,5.60009,1.43728,3.07197,1.42655,3.065,2.10993
meta-llama/Llama-3.1-8B-Instruct,yuhuili/EAGLE3-LLaMA3.1-Instruct-8B,eagle3,eagle3,V2 accept-test-only,mtbench_llama31,cactus,0.35,,extra,,80,4.48783,2.07543,2079.39,472.062,4.4049,2.03929,1.99839,,,0.4125,0.0125,0.979944,kn175,kn175,80,True,3.43683,5.52674,1.40522,2.90329,1.37166,2.81697,1.99839
meta-llama/Llama-3.1-8B-Instruct,yuhuili/EAGLE3-LLaMA3.1-Instruct-8B,eagle3,eagle3,V2 accept-test-only,mtbench_llama31,spec_casc_opt,-0.3,,low,1.901,80,2.2934,2.07543,531.6,472.062,1.12612,1.13734,1.11783,,,0.025,0.0125,0.982848,kn175,kn175,80,True,0.8043,1.56054,0.632718,1.91503,0.631106,1.88722,1.11783
meta-llama/Llama-3.1-8B-Instruct,yuhuili/EAGLE3-LLaMA3.1-Instruct-8B,eagle3,eagle3,V2 accept-test-only,mtbench_llama31,spec_casc_opt,0.05,,mid+high,3.286/4.670,80,3.40043,2.07543,512.188,472.062,1.085,0.605904,0.605736,,,0.025,0.0125,0.999722,kn173:77+kn175:3,kn175,3,False,0.785843,1.49182,0.406507,0.877507,0.404544,0.880655,
meta-llama/Llama-3.1-8B-Instruct,yuhuili/EAGLE3-LLaMA3.1-Instruct-8B,eagle3,eagle3,V2 accept-test-only,mtbench_llama31,r_fuzzy,0.15,,low+mid+high,1.901/3.286/4.670,80,1.48525,2.07543,1760.5,472.062,3.72938,6.01189,6.43899,,,0.225,0.0125,1.07104,kn176:77+kn175:3,kn175,3,False,2.87427,4.74801,4.14389,8.61933,4.37905,9.24625,
meta-llama/Llama-3.1-8B-Instruct,yuhuili/EAGLE3-LLaMA3.1-Instruct-8B,eagle3,eagle3,V2 accept-test-only,mtbench_llama31,r_fuzzy,0.03,,extra,,80,1.87184,2.07543,714.8,472.062,1.51421,1.95165,1.96736,,,0.05,0.0125,1.00805,kn176:77+kn175:3,kn175,3,False,1.07197,2.04755,1.1488,3.06109,1.14861,3.12664,
meta-llama/Llama-3.1-8B-Instruct,yuhuili/EAGLE3-LLaMA3.1-Instruct-8B,eagle3,eagle3,V2 accept-test-only,mtbench_llama31,r_fuzzy,0.25,,extra,,80,1.36785,2.07543,2371.38,472.062,5.02343,7.89332,7.81248,,,0.3125,0.0125,0.989758,kn174:77+kn175:3,kn175,3,False,3.9698,6.26233,5.44439,11.1008,5.43105,10.8907,
meta-llama/Llama-3.1-8B-Instruct,yuhuili/EAGLE3-LLaMA3.1-Instruct-8B,eagle3,eagle3,V2 accept-test-only,mtbench_llama31,spec_casc_tok,0.55,,low,1.901,80,2.2001,2.07543,409.675,472.062,0.867841,0.741399,0.744067,,,0,0.0125,1.0036,kn175:77+kn174:3,kn175,77,False,0.690019,1.04127,0.510003,1.00777,0.51588,1.00607,0.715127
meta-llama/Llama-3.1-8B-Instruct,yuhuili/EAGLE3-LLaMA3.1-Instruct-8B,eagle3,eagle3,V2 accept-test-only,mtbench_llama31,spec_casc_tok,0.8,,mid+high,3.286/4.670,80,2.42981,2.07543,397.4,472.062,0.841838,0.66728,0.674177,,,0,0.0125,1.01034,kn175,kn175,80,True,0.675418,1.00213,0.459758,0.89033,0.471599,0.896795,0.674177
meta-llama/Llama-3.1-8B-Instruct,yuhuili/EAGLE3-LLaMA3.1-Instruct-8B,eagle3,eagle3,V2 accept-test-only,mtbench_llama31,spec_casc_tok,0.15,,extra,,80,2.07333,2.07543,422.188,472.062,0.894347,0.826561,0.816181,,,0,0.0125,0.987442,kn175,kn175,80,True,0.723836,1.0575,0.57394,1.10286,0.572406,1.08759,0.816181
meta-llama/Llama-3.1-8B-Instruct,yuhuili/EAGLE3-LLaMA3.1-Instruct-8B,eagle3,eagle3,V2 accept-test-only,longbench_v2_llama31,mentored_dec,0.75,,low+mid+high,0.945/2.486/4.027,150,0.272813,0.0556095,1671.43,524.92,3.18416,2.18661,1.98394,0.366667,0.373333,0.0333333,0,0.907314,kn171,kn171,150,True,2.31199,4.25116,1.68406,2.79128,1.57166,2.46777,1.98394
meta-llama/Llama-3.1-8B-Instruct,yuhuili/EAGLE3-LLaMA3.1-Instruct-8B,eagle3,eagle3,V2 accept-test-only,longbench_v2_llama31,mentored_dec,0.15,,extra,,150,0.072517,0.0556095,769.813,524.92,1.46653,1.35876,1.30523,0.353333,0.373333,0.00666667,0,0.96061,kn171:147+kn169:3,kn171,147,False,1.04747,2.01005,1.03049,1.77854,1.01752,1.66199,1.31158
meta-llama/Llama-3.1-8B-Instruct,yuhuili/EAGLE3-LLaMA3.1-Instruct-8B,eagle3,eagle3,V2 accept-test-only,longbench_v2_llama31,cactus,0.03,,low+mid,0.945/2.486,150,2.64569,0.0556095,7536.89,524.92,14.3582,4.47116,3.90504,0.246667,0.373333,0.826667,0,0.873384,kn174:147+kn176:3,kn171,0,False,11.2404,18.101,3.62115,5.46246,3.22921,4.63451,
meta-llama/Llama-3.1-8B-Instruct,yuhuili/EAGLE3-LLaMA3.1-Instruct-8B,eagle3,eagle3,V2 accept-test-only,longbench_v2_llama31,cactus,0.18,,high,4.027,150,3.62508,0.0556095,6938.38,524.92,13.218,3.22289,2.87023,0.253333,0.373333,0.7,0,0.890577,kn169:147+kn175:3,kn171,0,False,10.3089,16.7296,2.61196,3.94494,2.37288,3.41971,
meta-llama/Llama-3.1-8B-Instruct,yuhuili/EAGLE3-LLaMA3.1-Instruct-8B,eagle3,eagle3,V2 accept-test-only,longbench_v2_llama31,cactus,0.35,,extra,,150,4.00468,0.0556095,6724.78,524.92,12.8111,2.89539,2.57616,0.306667,0.373333,0.633333,0,0.889746,kn171:147+kn173:3,kn171,147,False,10.0983,16.1965,2.34535,3.54185,2.12186,3.06154,2.5621
meta-llama/Llama-3.1-8B-Instruct,yuhuili/EAGLE3-LLaMA3.1-Instruct-8B,eagle3,eagle3,V2 accept-test-only,longbench_v2_llama31,spec_casc_opt,-0.1,,low,0.945,150,0.91393,0.0556095,2493.83,524.92,4.75087,2.1124,1.91772,0.273333,0.373333,0.133333,0,0.907839,kn171,kn171,150,True,3.58876,6.20835,1.68199,2.62921,1.55712,2.33357,1.91772
meta-llama/Llama-3.1-8B-Instruct,yuhuili/EAGLE3-LLaMA3.1-Instruct-8B,eagle3,eagle3,V2 accept-test-only,longbench_v2_llama31,spec_casc_opt,-0.02,,mid,2.486,150,2.69283,0.0556095,3277.15,524.92,6.24315,1.48559,1.40684,0.246667,0.373333,0.186667,0,0.946989,kn169:147+kn171:3,kn171,3,False,4.74975,8.1112,1.18023,1.83356,1.15171,1.69212,
meta-llama/Llama-3.1-8B-Instruct,yuhuili/EAGLE3-LLaMA3.1-Instruct-8B,eagle3,eagle3,V2 accept-test-only,longbench_v2_llama31,spec_casc_opt,0.05,,high,4.027,150,4.11774,0.0556095,4335.71,524.92,8.25975,1.52912,1.46477,0.266667,0.373333,0.326667,0,0.957916,kn171:147+kn175:3,kn171,147,False,6.32535,10.5819,1.22002,1.89511,1.20428,1.75663,1.4512
meta-llama/Llama-3.1-8B-Instruct,yuhuili/EAGLE3-LLaMA3.1-Instruct-8B,eagle3,eagle3,V2 accept-test-only,longbench_v2_llama31,r_fuzzy,0.25,,low+mid+high,0.945/2.486/4.027,150,0.0982636,0.0556095,1281,524.92,2.44037,2.18107,2.00001,0.32,0.373333,0.0333333,0,0.916985,kn175,kn171,0,False,1.72674,3.31371,1.60569,2.8564,1.50624,2.55906,
meta-llama/Llama-3.1-8B-Instruct,yuhuili/EAGLE3-LLaMA3.1-Instruct-8B,eagle3,eagle3,V2 accept-test-only,longbench_v2_llama31,r_fuzzy,0.03,,extra,,150,0.0556678,0.0556095,535.713,524.92,1.02056,1.02234,1.02643,0.38,0.373333,0,0,1.00401,kn174:147+kn169:3,kn171,0,False,0.998949,1.06911,0.998505,1.07408,1.00359,1.07268,
meta-llama/Llama-3.1-8B-Instruct,yuhuili/EAGLE3-LLaMA3.1-Instruct-8B,eagle3,eagle3,V2 accept-test-only,longbench_v2_llama31,spec_casc_tok,0.15,,low+mid+high,0.945/2.486/4.027,150,0.0583604,0.0556095,556.527,524.92,1.06021,1.04003,1.03729,0.366667,0.373333,0,0,0.997371,kn175:147+kn171:3,kn171,3,False,0.832104,1.33587,0.853139,1.25278,0.873008,1.22028,
meta-llama/Llama-3.1-8B-Instruct,yuhuili/EAGLE3-LLaMA3.1-Instruct-8B,eagle3,eagle3,V2 accept-test-only,longbench_v2_llama31,spec_casc_tok,0.8,,extra,,150,0.0651279,0.0556095,555.273,524.92,1.05782,1.0202,1.01786,0.386667,0.373333,0.00666667,0,0.997703,kn169:147+kn173:3,kn171,0,False,0.782763,1.43665,0.804006,1.28655,0.826919,1.25073,
meta-llama/Llama-3.1-8B-Instruct,yuhuili/EAGLE3-LLaMA3.1-Instruct-8B,eagle3,eagle3,V2 accept-test-only,humaneval_llama31,mentored_dec,0.35,,low,1.429,3,2.48953,2.61779,521.667,408.333,1.27755,1.31198,1.31907,0,0.666667,0,0,1.00541,kn171,kn173,0,False,0.857438,2.43814,0.77686,3.63265,0.850556,3.47886,
meta-llama/Llama-3.1-8B-Instruct,yuhuili/EAGLE3-LLaMA3.1-Instruct-8B,eagle3,eagle3,V2 accept-test-only,humaneval_llama31,mentored_dec,0.55,,mid+high,2.906/4.383,3,2.87968,2.61779,565.333,408.333,1.38449,1.22284,1.22454,0.666667,0.666667,0,0,1.00139,kn173,kn173,3,True,1.12431,2.53608,0.89418,2.5102,0.898523,2.41841,
meta-llama/Llama-3.1-8B-Instruct,yuhuili/EAGLE3-LLaMA3.1-Instruct-8B,eagle3,eagle3,V2 accept-test-only,humaneval_llama31,mentored_dec,0.15,,extra,,3,2.6156,2.61779,658.667,408.333,1.61306,1.50975,1.50594,0.333333,0.666667,0,0,0.997474,kn169,kn173,0,False,1.21755,2.04132,1.09524,2.03306,1.09722,2.00431,
meta-llama/Llama-3.1-8B-Instruct,yuhuili/EAGLE3-LLaMA3.1-Instruct-8B,eagle3,eagle3,V2 accept-test-only,humaneval_llama31,cactus,0.03,,low+mid,1.429/2.906,3,3.77281,2.61779,9000,408.333,22.0408,15.766,15.2247,0,0.666667,1,0,0.965665,kn173,kn173,3,True,16.4534,46.3918,10.164,37.9184,9.95718,35.8583,
meta-llama/Llama-3.1-8B-Instruct,yuhuili/EAGLE3-LLaMA3.1-Instruct-8B,eagle3,eagle3,V2 accept-test-only,humaneval_llama31,cactus,0.18,,high,4.383,3,3.99099,2.61779,2545.67,408.333,6.23429,4.03343,3.89303,0,0.666667,0,0,0.965192,kn173,kn173,3,True,0.680412,12.9945,0.595041,7.11111,0.618846,6.93933,
meta-llama/Llama-3.1-8B-Instruct,yuhuili/EAGLE3-LLaMA3.1-Instruct-8B,eagle3,eagle3,V2 accept-test-only,humaneval_llama31,cactus,0.35,,extra,,3,4.80516,2.61779,5499.33,408.333,13.4678,7.95543,7.87857,0,0.666667,0,0,0.990339,kn174,kn173,0,False,3.99485,17.7996,2.71429,11.2562,2.63182,10.9719,
meta-llama/Llama-3.1-8B-Instruct,yuhuili/EAGLE3-LLaMA3.1-Instruct-8B,eagle3,eagle3,V2 accept-test-only,humaneval_llama31,spec_casc_opt,-0.1,,low,1.429,3,2.56224,2.61779,636,408.333,1.55755,1.58496,1.53829,0.333333,0.666667,0,0,0.970557,kn173,kn173,3,True,1.36746,1.81959,1.12169,2.2562,1.09278,2.16995,
meta-llama/Llama-3.1-8B-Instruct,yuhuili/EAGLE3-LLaMA3.1-Instruct-8B,eagle3,eagle3,V2 accept-test-only,humaneval_llama31,spec_casc_opt,-0.3,,mid,2.906,3,2.79855,2.61779,410.667,408.333,1.00571,0.913649,0.923568,0.333333,0.666667,0,0,1.01086,kn173,kn173,3,True,0.636364,2.04639,0.652893,2.04082,0.700584,1.97115,
meta-llama/Llama-3.1-8B-Instruct,yuhuili/EAGLE3-LLaMA3.1-Instruct-8B,eagle3,eagle3,V2 accept-test-only,humaneval_llama31,spec_casc_opt,0.05,,high,4.383,3,3.65819,2.61779,746,408.333,1.82694,1.28691,1.297,0.333333,0.666667,0,0,1.00785,kn171,kn173,0,False,0.783058,6.5567,0.702479,4.61224,0.776628,4.42179,
meta-llama/Llama-3.1-8B-Instruct,yuhuili/EAGLE3-LLaMA3.1-Instruct-8B,eagle3,eagle3,V2 accept-test-only,humaneval_llama31,r_fuzzy,0.25,,low,1.429,3,1.63019,2.61779,3054.33,408.333,7.48,16.3092,15.905,0,0.666667,0,0,0.975219,kn173,kn173,3,True,0.820248,24.2423,0.677686,63.3878,0.720891,60.8121,
meta-llama/Llama-3.1-8B-Instruct,yuhuili/EAGLE3-LLaMA3.1-Instruct-8B,eagle3,eagle3,V2 accept-test-only,humaneval_llama31,r_fuzzy,0.08,,mid+high,2.906/4.383,3,2.30425,2.61779,781,408.333,1.91265,2.56546,2.50875,0.333333,0.666667,0,0,0.977895,kn175,kn173,0,False,0.747934,3.47938,0.669421,4.02041,0.696161,3.84958,
meta-llama/Llama-3.1-8B-Instruct,yuhuili/EAGLE3-LLaMA3.1-Instruct-8B,eagle3,eagle3,V2 accept-test-only,humaneval_llama31,r_fuzzy,0.03,,extra,,3,2.17596,2.61779,1310,408.333,3.20816,6.11421,5.92679,0.666667,0.666667,0,0,0.969347,kn173,kn173,3,True,0.96281,5.90128,0.933884,10.6878,0.95751,10.4982,
meta-llama/Llama-3.1-8B-Instruct,yuhuili/EAGLE3-LLaMA3.1-Instruct-8B,eagle3,eagle3,V2 accept-test-only,humaneval_llama31,spec_casc_tok,0.35,,low,1.429,3,2.48397,2.61779,396.333,408.333,0.970612,1.00279,0.982269,0.666667,0.666667,0,0,0.979541,kn173,kn173,3,True,0.654959,1.23711,0.735537,1.26531,0.742799,1.2273,
meta-llama/Llama-3.1-8B-Instruct,yuhuili/EAGLE3-LLaMA3.1-Instruct-8B,eagle3,eagle3,V2 accept-test-only,humaneval_llama31,spec_casc_tok,0.55,,mid+high,2.906/4.383,3,2.94748,2.61779,445,408.333,1.0898,0.961003,0.972156,1,0.666667,0,0,1.01161,kn169,kn173,0,False,0.86157,1.91753,0.801653,1.87755,0.830234,1.82729,
meta-llama/Llama-3.1-8B-Instruct,yuhuili/EAGLE3-LLaMA3.1-Instruct-8B,eagle3,eagle3,V2 accept-test-only,humaneval_llama31,spec_casc_tok,0.15,,extra,,3,2.58736,2.61779,365,408.333,0.893878,0.874652,0.886334,0.666667,0.666667,0,0,1.01336,kn174,kn173,0,False,0.842975,1,0.777778,1,0.779149,1.00505,
