target,dataset,category,method,alpha,n_pairs,l_bar_relaxed,l_bar_strict,gain,lambda,gain_over_lambda,rounds_ratio,rounds_ratio_ci_lo,rounds_ratio_ci_hi,time_ratio,time_ratio_ci_lo,time_ratio_ci_hi,eq4_predicts_win,rounds_win,time_win,time_loss_beyond_ci
qwen3-8b,speedbench,all,spec_casc_opt,0.05,672,1.84139,1.15524,1.31837,1.39563,0.944638,1.01622,0.977062,1.05838,1.12824,1.08399,1.17364,0,0,0,1
qwen3-8b,speedbench,coding,spec_casc_opt,0.05,80,1.93746,1.26396,1.29749,1.34817,0.962406,1.0479,0.976984,1.13058,1.161,1.07977,1.25413,0,0,0,1
qwen3-8b,speedbench,math,spec_casc_opt,0.05,18,2.43916,1.511,1.36964,2.04305,0.67039,1.46507,1.08482,1.94548,1.64315,1.21861,2.19758,0,0,0,1
qwen3-8b,speedbench,humanities,spec_casc_opt,0.05,8,1.94318,1.02106,1.45626,1.72205,0.845651,1.09388,0.831688,1.35802,1.1921,0.915808,1.46763,0,0,0,0
qwen3-8b,speedbench,stem,spec_casc_opt,0.05,6,1.66156,1.15279,1.23633,1.06811,1.1575,0.86802,0.79541,0.99462,0.978055,0.889444,1.13576,1,1,1,0
qwen3-8b,speedbench,writing,spec_casc_opt,0.05,80,1.76351,0.999155,1.38234,1.3716,1.00783,0.974888,0.891003,1.06898,1.08505,0.991376,1.18849,1,1,0,0
qwen3-8b,speedbench,summarization,spec_casc_opt,0.05,80,1.46792,1.14676,1.1496,0.990146,1.16104,0.863399,0.772448,0.955808,0.930462,0.83313,1.03207,1,1,1,0
qwen3-8b,speedbench,roleplay,spec_casc_opt,0.05,80,1.4725,0.866182,1.3249,1.46535,0.904149,0.953673,0.794826,1.14472,1.07056,0.897162,1.27516,0,1,0,0
qwen3-8b,speedbench,rag,spec_casc_opt,0.05,80,1.99743,1.34952,1.27577,1.41459,0.901862,1.03083,0.892577,1.20033,1.15128,0.991867,1.33913,0,0,0,0
qwen3-8b,speedbench,multilingual,spec_casc_opt,0.05,80,1.88683,1.07997,1.38792,1.56593,0.886322,1.11253,0.994898,1.25453,1.23103,1.09831,1.38842,0,0,0,1
qwen3-8b,speedbench,reasoning,spec_casc_opt,0.05,80,2.04061,1.27789,1.33483,1.33822,0.997467,0.961639,0.865349,1.07871,1.06956,0.957344,1.20104,0,1,0,0
qwen3-8b,speedbench,qa,spec_casc_opt,0.05,80,2.03368,1.19201,1.38397,1.28702,1.07533,0.862464,0.757711,0.983314,0.961882,0.844103,1.09777,1,1,1,0
qwen3-8b,speedbench,all,mentored_dec,0.75,115,1.50795,1.18119,1.14981,1.11936,1.0272,0.966779,0.902574,1.03383,1.04483,0.972341,1.12241,1,1,0,0
qwen3-8b,speedbench,coding,mentored_dec,0.75,14,1.60437,1.28326,1.14064,1.16628,0.978013,1.00017,0.890892,1.15988,1.07854,0.950831,1.25319,0,0,0,0
qwen3-8b,speedbench,math,mentored_dec,0.75,2,2.05971,1.6013,1.17622,0.912779,1.28862,0.773704,,,0.841807,,,1,1,1,0
qwen3-8b,speedbench,humanities,mentored_dec,0.75,1,1.35463,1.03338,1.15799,0.888268,1.30365,0.767045,,,0.767224,,,1,1,1,0
qwen3-8b,speedbench,stem,mentored_dec,0.75,1,1.4277,1.12957,1.14,1.03794,1.09833,0.911406,,,1.0392,,,1,1,0,0
qwen3-8b,speedbench,writing,mentored_dec,0.75,14,1.36971,1.04059,1.16129,1.10256,1.05327,0.94648,0.819443,1.09681,1.02772,0.879818,1.21516,1,1,0,0
qwen3-8b,speedbench,summarization,mentored_dec,0.75,14,1.42525,1.13536,1.13575,1.01531,1.11862,0.898012,0.775236,1.05738,0.938092,0.808743,1.09131,1,1,1,0
qwen3-8b,speedbench,roleplay,mentored_dec,0.75,13,1.20006,0.93039,1.1397,1.41254,0.806842,1.2332,1.06407,1.49192,1.33042,1.14679,1.5977,0,0,0,1
qwen3-8b,speedbench,rag,mentored_dec,0.75,14,1.74397,1.40266,1.14205,1.20094,0.950965,1.02892,0.841037,1.22656,1.12338,0.910791,1.36764,0,0,0,0
qwen3-8b,speedbench,multilingual,mentored_dec,0.75,14,1.33286,1.09358,1.11429,1.10803,1.00565,0.981657,0.819642,1.18754,1.05344,0.893325,1.26251,1,1,0,0
qwen3-8b,speedbench,reasoning,mentored_dec,0.75,14,1.66555,1.28883,1.16459,1.06317,1.09539,0.912062,0.707607,1.17986,0.995598,0.753896,1.32279,1,1,1,0
qwen3-8b,speedbench,qa,mentored_dec,0.75,14,1.63768,1.21115,1.1929,1.01561,1.17456,0.84077,0.713342,0.984747,0.914722,0.766668,1.07721,1,1,1,0
qwen3-8b,speedbench,all,cactus,0.35,40,3.1179,1.21403,1.85991,1.74269,1.06726,0.875366,0.715822,1.08882,0.883209,0.720414,1.10439,1,1,1,0
qwen3-8b,speedbench,coding,cactus,0.35,5,2.84465,1.29537,1.67496,1.47808,1.1332,0.829954,0.616208,1.1137,0.833833,0.617022,1.12635,1,1,1,0
qwen3-8b,speedbench,humanities,cactus,0.35,1,3.29042,1.03338,2.10999,1.00105,2.10779,0.474432,,,0.475928,,,1,1,1,0
qwen3-8b,speedbench,writing,cactus,0.35,5,3.66993,1.16809,2.15393,2.26979,0.948959,0.955882,0.551006,1.91619,0.967729,0.554471,1.94818,0,1,1,0
qwen3-8b,speedbench,summarization,cactus,0.35,5,2.4226,1.11153,1.62091,1.21124,1.33822,0.714286,0.586982,0.869065,0.718493,0.590921,0.873983,1,1,1,0
qwen3-8b,speedbench,roleplay,cactus,0.35,4,3.46758,1.09373,2.13379,3.32032,0.642645,1.36724,,,1.39051,,,0,0,0,0
qwen3-8b,speedbench,rag,cactus,0.35,5,3.08258,1.37885,1.7162,1.02466,1.67489,0.593961,0.377543,0.94477,0.597809,0.380588,0.905302,1,1,1,0
qwen3-8b,speedbench,multilingual,cactus,0.35,5,2.79004,1.09112,1.81245,1.76911,1.0245,0.918413,0.675493,1.30613,0.929871,0.684243,1.32575,1,1,1,0
qwen3-8b,speedbench,reasoning,cactus,0.35,5,3.35358,1.3534,1.84991,1.40835,1.31353,0.74368,0.4528,1.8687,0.746603,0.452514,1.9045,1,1,1,0
qwen3-8b,speedbench,qa,cactus,0.35,5,3.34769,1.23223,1.94769,2.60931,0.746439,1.2603,0.57335,2.11183,1.28075,0.576798,2.15824,0,0,0,0
qwen3-8b,speedbench,all,r_fuzzy,0.25,40,1.86533,1.21403,1.29417,1.46931,0.880798,1.13729,0.946916,1.373,1.14614,0.953435,1.38959,0,0,0,0
qwen3-8b,speedbench,coding,r_fuzzy,0.25,5,1.81596,1.29537,1.2268,1.65979,0.739131,1.36742,0.891659,2.20344,1.37988,0.895879,2.24005,0,0,0,0
qwen3-8b,speedbench,humanities,r_fuzzy,0.25,1,1.50162,1.03338,1.23028,0.807612,1.52335,0.65696,,,0.65781,,,1,1,1,0
qwen3-8b,speedbench,writing,r_fuzzy,0.25,5,1.79865,1.16809,1.29083,1.08241,1.19255,0.799135,0.685628,0.994748,0.798893,0.684005,0.989865,1,1,1,0
qwen3-8b,speedbench,summarization,r_fuzzy,0.25,5,1.55826,1.11153,1.21157,0.911674,1.32895,0.748052,0.564026,1.025,0.752028,0.56885,1.0306,1,1,1,0
qwen3-8b,speedbench,roleplay,r_fuzzy,0.25,4,1.63639,1.09373,1.25918,1.78088,0.707058,1.43761,,,1.4427,,,0,0,0,0
qwen3-8b,speedbench,rag,r_fuzzy,0.25,5,2.05343,1.37885,1.28357,1.01784,1.26108,0.773555,0.457157,1.07907,0.777603,0.461967,1.08218,1,1,1,0
qwen3-8b,speedbench,multilingual,r_fuzzy,0.25,5,1.7028,1.09112,1.29252,1.69208,0.763861,1.30947,1.06145,1.70737,1.32563,1.06802,1.73516,0,0,0,1
qwen3-8b,speedbench,reasoning,r_fuzzy,0.25,5,2.11326,1.3534,1.32287,1.50505,0.878958,1.13802,0.779473,2.20494,1.14578,0.784642,2.27305,0,0,0,0
qwen3-8b,speedbench,qa,r_fuzzy,0.25,5,2.27083,1.23223,1.46528,1.75828,0.83336,1.17993,0.678902,2.12196,1.18863,0.681537,2.14351,0,0,0,0
qwen3-8b,speedbench,all,spec_casc_tok,0.8,40,1.35759,1.21403,1.06484,0.989854,1.07575,0.931641,0.834811,1.03462,0.931887,0.834101,1.03728,1,1,1,0
qwen3-8b,speedbench,coding,spec_casc_tok,0.8,5,1.39186,1.29537,1.04204,1.04049,1.00149,0.979722,0.692283,1.31445,0.980964,0.691836,1.32278,1,1,1,0
qwen3-8b,speedbench,humanities,spec_casc_tok,0.8,1,1.04708,1.03338,1.00674,1.07821,0.933711,1.07102,,,1.07173,,,0,0,0,0
qwen3-8b,speedbench,writing,spec_casc_tok,0.8,5,1.29006,1.16809,1.05625,0.870538,1.21334,0.827163,0.647393,1.01154,0.825195,0.643277,1.01115,1,1,1,0
qwen3-8b,speedbench,summarization,spec_casc_tok,0.8,5,1.26249,1.11153,1.07149,0.895306,1.19679,0.838312,0.703095,1.04573,0.839701,0.706166,1.04462,1,1,1,0
qwen3-8b,speedbench,roleplay,spec_casc_tok,0.8,4,1.15659,1.09373,1.03002,1.08419,0.950038,1.03312,,,1.0339,,,0,0,0,0
qwen3-8b,speedbench,rag,spec_casc_tok,0.8,5,1.62077,1.37885,1.1017,1.10108,1.00056,0.998438,0.740886,1.23876,0.999412,0.742815,1.23983,1,1,1,0
qwen3-8b,speedbench,multilingual,spec_casc_tok,0.8,5,1.17081,1.09112,1.03811,1.09498,0.948068,1.03868,0.904837,1.12483,1.04243,0.90294,1.13136,0,0,0,0
qwen3-8b,speedbench,reasoning,spec_casc_tok,0.8,5,1.63529,1.3534,1.11978,0.870379,1.28654,0.781935,0.670596,1.09495,0.778476,0.667109,1.09526,1,1,1,0
qwen3-8b,speedbench,qa,spec_casc_tok,0.8,5,1.35475,1.23223,1.05489,0.945071,1.1162,0.908201,0.668275,1.36351,0.908612,0.657666,1.36399,1,1,1,0
