target,category,n_pairs,identical_token_count_pairs,mean_tokens,mean_tokens_strict,lambda,lambda_ci_lo,lambda_ci_hi,rounds_ratio,rounds_ratio_ci_lo,rounds_ratio_ci_hi,time_ratio,nodes,nodes_strict,same_node_pairs
qwen3-8b,all,672,186,2358.31,2332.43,1.01109,0.988639,1.03358,1.01223,0.988914,1.0363,1.03999,kn175:504+kn176:168,kn169:632+g3.nibi.sharcnet:40,0
qwen3-8b,coding,80,34,5627.12,5495.35,1.02398,0.980682,1.06831,1.02158,0.974763,1.06951,1.05014,kn175:60+kn176:20,kn169:75+g3.nibi.sharcnet:5,0
qwen3-8b,math,18,5,2363.78,2356.5,1.00309,0.929218,1.08012,1.00345,0.925459,1.07973,1.03187,kn175:13+kn176:5,kn169,0
qwen3-8b,humanities,8,2,2408.88,2126.75,1.13266,0.885141,1.57762,1.12768,0.889169,1.53505,1.17363,kn175:5+kn176:3,kn169:7+g3.nibi.sharcnet:1,0
qwen3-8b,stem,6,1,2397.5,2258.67,1.06147,0.901479,1.24295,1.06937,0.902623,1.23694,1.12383,kn175:4+kn176:2,kn169,0
qwen3-8b,writing,80,19,3146.12,3203.41,0.982117,0.95211,1.01242,0.987038,0.956369,1.01833,1.01418,kn175:60+kn176:20,kn169:75+g3.nibi.sharcnet:5,0
qwen3-8b,summarization,80,21,604.237,659.6,0.916067,0.839101,0.995013,0.927557,0.852961,1.00182,0.946285,kn175:61+kn176:19,kn169:75+g3.nibi.sharcnet:5,0
qwen3-8b,roleplay,80,20,739.2,713.25,1.03638,0.982337,1.09245,1.03273,0.988708,1.07956,1.0643,kn175:60+kn176:20,kn169:76+g3.nibi.sharcnet:4,0
qwen3-8b,rag,80,19,1197.94,1181.31,1.01407,0.929801,1.11075,1.00214,0.920848,1.09917,1.0272,kn175:60+kn176:20,kn169:75+g3.nibi.sharcnet:5,0
qwen3-8b,multilingual,80,23,2963.9,3003.6,0.986783,0.910638,1.06833,0.996438,0.911153,1.08622,1.02434,kn175:61+kn176:19,kn169:75+g3.nibi.sharcnet:5,0
qwen3-8b,reasoning,80,23,2938.38,2829.19,1.03859,0.977753,1.10536,1.04202,0.976554,1.11205,1.06842,kn175:60+kn176:20,kn169:75+g3.nibi.sharcnet:5,0
qwen3-8b,qa,80,19,1640.34,1594.42,1.0288,0.965967,1.09565,1.02792,0.968533,1.09038,1.05467,kn175:60+kn176:20,kn169:75+g3.nibi.sharcnet:5,0
