target,drafter,drafter_family,spec_method,sampler_path,dataset,method,alpha,beta,setting,n_pairs,l_bar,l_bar_strict,mean_tokens,mean_tokens_strict,lambda,rounds_ratio,time_ratio,accuracy,accuracy_strict,capout_rate,capout_rate_strict,time_per_round_ratio,nodes,nodes_strict,same_node_pairs,same_node,lambda_ci_lo,lambda_ci_hi,rounds_ratio_ci_lo,rounds_ratio_ci_hi,time_ratio_ci_lo,time_ratio_ci_hi
meta-llama/Llama-3.1-8B-Instruct,meta-llama/Llama-3.2-1B-Instruct,draft_model,draft_model,V1 full patches,gsm8k_llama31,mentored_dec,0.75,,loosest,150,5.17219,4.03782,230.433,268.867,0.857054,0.675672,0.664179,0.746667,0.78,0,0.0133333,0.982989,kn174,kn173,0,False,0.718536,1.02711,0.5677,0.809409,0.55853,0.790095
meta-llama/Llama-3.1-8B-Instruct,meta-llama/Llama-3.2-1B-Instruct,draft_model,draft_model,V1 full patches,gsm8k_llama31,cactus,0.35,,loosest,150,5.45662,4.03782,388.153,268.867,1.44366,1.05546,1.02692,0.6,0.78,0.0666667,0.0133333,0.972954,kn175,kn173,0,False,1.12913,1.81861,0.832383,1.32333,0.818008,1.27645
meta-llama/Llama-3.1-8B-Instruct,meta-llama/Llama-3.2-1B-Instruct,draft_model,draft_model,V1 full patches,gsm8k_llama31,spec_casc_opt,0.05,,loosest,150,4.85933,4.03782,217.707,268.867,0.80972,0.67603,0.673828,0.72,0.78,0,0.0133333,0.996743,kn175,kn173,0,False,0.694049,0.934797,0.573473,0.79054,0.575385,0.782733
meta-llama/Llama-3.1-8B-Instruct,meta-llama/Llama-3.2-1B-Instruct,draft_model,draft_model,V1 full patches,gsm8k_llama31,r_fuzzy,0.25,,loosest,150,5.4603,4.03782,313.247,268.867,1.16506,0.860271,0.840602,0.606667,0.78,0.0333333,0.0133333,0.977136,kn176,kn173,0,False,0.916581,1.46346,0.680467,1.07475,0.669692,1.04764
meta-llama/Llama-3.1-8B-Instruct,meta-llama/Llama-3.2-1B-Instruct,draft_model,draft_model,V1 full patches,gsm8k_llama31,spec_casc_tok,0.8,,loosest,0,,,,,,,,,,,,,,,,,,,,,,
meta-llama/Llama-3.1-8B-Instruct,meta-llama/Llama-3.2-1B-Instruct,draft_model,draft_model,V1 full patches,livecodebench_llama31,mentored_dec,0.75,,loosest,90,5.04697,3.481,769.078,763.6,1.00717,0.741304,0.725649,0.0666667,0.155556,0,0,0.978882,kn174,kn173,0,False,0.762739,1.28224,0.581307,0.915289,0.56899,0.893248
meta-llama/Llama-3.1-8B-Instruct,meta-llama/Llama-3.2-1B-Instruct,draft_model,draft_model,V1 full patches,livecodebench_llama31,cactus,0.35,,loosest,90,5.48064,3.481,1135.48,763.6,1.48701,1.0124,0.997528,0.0111111,0.155556,0,0,0.98531,kn175,kn173,0,False,1.05962,2.03112,0.739065,1.35504,0.726481,1.33532
meta-llama/Llama-3.1-8B-Instruct,meta-llama/Llama-3.2-1B-Instruct,draft_model,draft_model,V1 full patches,livecodebench_llama31,spec_casc_opt,0.05,,loosest,90,4.72094,3.481,692.056,763.6,0.906306,0.706128,0.711394,0.133333,0.155556,0,0,1.00746,kn175,kn173,0,False,0.706742,1.12505,0.561937,0.853687,0.569078,0.862183
meta-llama/Llama-3.1-8B-Instruct,meta-llama/Llama-3.2-1B-Instruct,draft_model,draft_model,V1 full patches,livecodebench_llama31,r_fuzzy,0.25,,loosest,90,5.48116,3.481,1042.91,763.6,1.36578,0.932193,0.923559,0.0111111,0.155556,0,0,0.990737,kn176,kn173,0,False,1.05333,1.73621,0.734751,1.16903,0.726766,1.15835
meta-llama/Llama-3.1-8B-Instruct,meta-llama/Llama-3.2-1B-Instruct,draft_model,draft_model,V1 full patches,livecodebench_llama31,spec_casc_tok,0.8,,loosest,90,4.13404,3.481,601.478,763.6,0.787687,0.693467,0.686835,0.222222,0.155556,0,0,0.990436,kn176,kn173,0,False,0.618965,0.945784,0.554572,0.81773,0.551948,0.810818
