target,drafter,drafter_family,spec_method,sampler_path,dataset,method,alpha,beta,setting,n_pairs,l_bar,l_bar_strict,mean_tokens,mean_tokens_strict,lambda,rounds_ratio,time_ratio,accuracy,accuracy_strict,capout_rate,capout_rate_strict,time_per_round_ratio,nodes,nodes_strict,same_node_pairs,same_node,lambda_ci_lo,lambda_ci_hi,rounds_ratio_ci_lo,rounds_ratio_ci_hi,time_ratio_ci_lo,time_ratio_ci_hi,time_ratio_same_node
deepseek-ai/DeepSeek-R1-Distill-Llama-8B,meta-llama/Llama-3.2-1B-Instruct,draft_model,draft_model,V1 full patches,humaneval_r1llama,mentored_dec,0.75,,loosest,116,2.52884,1.68228,4453.41,3536.92,1.25912,0.932769,0.910462,,,0.172414,0.0431034,0.976085,kn176,kn177,0,False,1.14178,1.38877,0.849507,1.02674,0.827419,1.00425,
deepseek-ai/DeepSeek-R1-Distill-Llama-8B,meta-llama/Llama-3.2-1B-Instruct,draft_model,draft_model,V1 full patches,humaneval_r1llama,cactus,0.35,,loosest,116,5.14749,1.68228,6997.72,3536.92,1.97848,0.83868,0.82982,,,0.560345,0.0431034,0.989436,kn173,kn177,0,False,1.76342,2.2275,0.748591,0.946428,0.738961,0.938192,
deepseek-ai/DeepSeek-R1-Distill-Llama-8B,meta-llama/Llama-3.2-1B-Instruct,draft_model,draft_model,V1 full patches,humaneval_r1llama,spec_casc_opt,0.05,,loosest,105,2.93076,1.67074,5195.7,3384.62,1.53509,1.05203,1.04744,,,0.219048,0.0380952,0.995636,kn175,kn177,0,False,1.37546,1.71918,0.94738,1.17276,0.943134,1.16437,
deepseek-ai/DeepSeek-R1-Distill-Llama-8B,meta-llama/Llama-3.2-1B-Instruct,draft_model,draft_model,V1 full patches,humaneval_r1llama,r_fuzzy,0.25,,loosest,93,2.31735,1.65856,5187.68,3348.57,1.54922,1.26815,1.24345,,,0.0215054,0.0322581,0.980523,kn174,kn177,0,False,1.38277,1.74828,1.12766,1.43375,1.10529,1.4081,
deepseek-ai/DeepSeek-R1-Distill-Llama-8B,meta-llama/Llama-3.2-1B-Instruct,draft_model,draft_model,V1 full patches,humaneval_r1llama,spec_casc_tok,0.8,,loosest,116,2.19144,1.68228,3497.07,3536.92,0.988732,0.798582,0.781575,,,0.0948276,0.0431034,0.978703,kn174,kn177,0,False,0.884442,1.10231,0.719206,0.88751,0.703526,0.868786,
deepseek-ai/DeepSeek-R1-Distill-Llama-8B,meta-llama/Llama-3.2-1B-Instruct,draft_model,draft_model,V1 full patches,longbench_v2_r1llama,mentored_dec,0.75,,loosest,138,2.65953,1.6266,1740,1812.07,0.960227,0.6826,0.658019,0.333333,,0.0507246,0.0362319,0.963989,kn171,kn172,0,False,0.829442,1.10224,0.594084,0.779086,0.581204,0.743807,
deepseek-ai/DeepSeek-R1-Distill-Llama-8B,meta-llama/Llama-3.2-1B-Instruct,draft_model,draft_model,V1 full patches,longbench_v2_r1llama,cactus,0.35,,loosest,138,5.05632,1.6266,4720.46,1812.07,2.60501,1.09335,1.00711,,,0.311594,0.0362319,0.921129,kn176,kn172,0,False,2.17845,3.1205,0.927603,1.29776,0.866113,1.17836,
deepseek-ai/DeepSeek-R1-Distill-Llama-8B,meta-llama/Llama-3.2-1B-Instruct,draft_model,draft_model,V1 full patches,longbench_v2_r1llama,spec_casc_opt,0.05,,loosest,86,3.51102,1.63243,5976.53,1867.41,3.20045,1.90961,1.71665,,0.372093,0.639535,0.0348837,0.898953,kn176,kn172,0,False,2.61421,4.00198,1.57306,2.34326,1.43259,2.08083,
deepseek-ai/DeepSeek-R1-Distill-Llama-8B,meta-llama/Llama-3.2-1B-Instruct,draft_model,draft_model,V1 full patches,longbench_v2_r1llama,r_fuzzy,0.25,,loosest,138,2.40048,1.6266,1492.03,1812.07,0.823383,0.720028,0.687722,,,0.00724638,0.0362319,0.955132,kn171,kn172,0,False,0.688249,0.990012,0.591574,0.878407,0.574201,0.823582,
deepseek-ai/DeepSeek-R1-Distill-Llama-8B,meta-llama/Llama-3.2-1B-Instruct,draft_model,draft_model,V1 full patches,longbench_v2_r1llama,spec_casc_tok,0.8,,loosest,138,2.25311,1.6266,1710.46,1812.07,0.943923,0.719766,0.69809,0.34058,,0.0652174,0.0362319,0.969884,kn173,kn172,0,False,0.80457,1.09835,0.628872,0.818762,0.615357,0.786379,
deepseek-ai/DeepSeek-R1-Distill-Llama-8B,meta-llama/Llama-3.2-1B-Instruct,draft_model,draft_model,V1 full patches,mtbench_r1llama,mentored_dec,0.75,,loosest,80,2.4237,1.63765,1406,1373.19,1.0239,0.751866,0.743414,,,0.1125,0.1125,0.988759,kn169,kn169,80,True,0.954428,1.10531,0.696765,0.817873,0.68852,0.809936,0.743414
deepseek-ai/DeepSeek-R1-Distill-Llama-8B,meta-llama/Llama-3.2-1B-Instruct,draft_model,draft_model,V1 full patches,mtbench_r1llama,cactus,0.35,,loosest,80,5.03636,1.63765,3322.22,1373.19,2.41935,0.961307,1.00609,,,0.7,0.1125,1.04658,kn176,kn169,0,False,2.03136,2.91109,0.813806,1.15436,0.84839,1.21476,
deepseek-ai/DeepSeek-R1-Distill-Llama-8B,meta-llama/Llama-3.2-1B-Instruct,draft_model,draft_model,V1 full patches,mtbench_r1llama,spec_casc_opt,0.05,,loosest,80,3.01708,1.63765,2168.66,1373.19,1.57929,0.986139,1.03581,,,0.3,0.1125,1.05037,kn176,kn169,0,False,1.28718,1.95687,0.820909,1.19788,0.860893,1.25248,
deepseek-ai/DeepSeek-R1-Distill-Llama-8B,meta-llama/Llama-3.2-1B-Instruct,draft_model,draft_model,V1 full patches,mtbench_r1llama,r_fuzzy,0.25,,loosest,80,2.43134,1.63765,2086.56,1373.19,1.5195,1.18604,1.17325,,,0.15,0.1125,0.989212,kn171,kn169,0,False,1.31763,1.77978,1.00884,1.41316,1.00301,1.39995,
deepseek-ai/DeepSeek-R1-Distill-Llama-8B,meta-llama/Llama-3.2-1B-Instruct,draft_model,draft_model,V1 full patches,mtbench_r1llama,spec_casc_tok,0.8,,loosest,80,2.0028,1.63765,1258.95,1373.19,0.916809,0.772055,0.760437,,,0.075,0.1125,0.984952,kn174,kn169,0,False,0.82562,1.01614,0.702486,0.852376,0.690474,0.843474,
