sampler_path,method,setting,params,identical_to_lossless,expected,pass,tokens,tokens_lossless,l_bar,l_bar_lossless
"V2 (Llama-3.1-8B-Instruct + EAGLE-3, 65536-position head)",mentored_dec,strict point,alpha0,,identical,,,,,
"V2 (Llama-3.1-8B-Instruct + EAGLE-3, 65536-position head)",mentored_dec,loosest,alpha0.75,,differs,,,,,
"V2 (Llama-3.1-8B-Instruct + EAGLE-3, 65536-position head)",cactus,strict point,alpha0,,identical,,,,,
"V2 (Llama-3.1-8B-Instruct + EAGLE-3, 65536-position head)",cactus,loosest,alpha0.35,,differs,,,,,
"V2 (Llama-3.1-8B-Instruct + EAGLE-3, 65536-position head)",spec_casc_opt,strict point,alphaneginf,,identical,,,,,
"V2 (Llama-3.1-8B-Instruct + EAGLE-3, 65536-position head)",spec_casc_opt,loosest,alpha0.05,,differs,,,,,
"V2 (Llama-3.1-8B-Instruct + EAGLE-3, 65536-position head)",r_fuzzy,strict point,alphaneginf,,identical,,,,,
"V2 (Llama-3.1-8B-Instruct + EAGLE-3, 65536-position head)",r_fuzzy,loosest,alpha0.25,,differs,,,,,
"V2 (Llama-3.1-8B-Instruct + EAGLE-3, 65536-position head)",spec_casc_tok,strict point,alphaneginf,,identical,,,,,
"V2 (Llama-3.1-8B-Instruct + EAGLE-3, 65536-position head)",spec_casc_tok,loosest,alpha0.8,,differs,,,,,
"V1 (Llama-3.1-8B-Instruct + Llama-3.2-1B, draft_model)",mentored_dec,strict point,alpha0,True,identical,True,280,280,2.986,2.986
"V1 (Llama-3.1-8B-Instruct + Llama-3.2-1B, draft_model)",mentored_dec,loosest,alpha0.75,False,differs,True,151,280,4.345,2.986
"V1 (Llama-3.1-8B-Instruct + Llama-3.2-1B, draft_model)",cactus,strict point,alpha0,True,identical,True,280,280,2.986,2.986
"V1 (Llama-3.1-8B-Instruct + Llama-3.2-1B, draft_model)",cactus,loosest,alpha0.35,False,differs,True,172,280,4.5,2.986
"V1 (Llama-3.1-8B-Instruct + Llama-3.2-1B, draft_model)",spec_casc_opt,strict point,alphaneginf,,identical,,,280,,2.986
"V1 (Llama-3.1-8B-Instruct + Llama-3.2-1B, draft_model)",spec_casc_opt,loosest,alpha0.05,False,differs,True,338,280,4.106,2.986
"V1 (Llama-3.1-8B-Instruct + Llama-3.2-1B, draft_model)",r_fuzzy,strict point,alphaneginf,,identical,,,280,,2.986
"V1 (Llama-3.1-8B-Instruct + Llama-3.2-1B, draft_model)",r_fuzzy,loosest,alpha0.25,False,differs,True,213,280,5.143,2.986
"V1 (Llama-3.1-8B-Instruct + Llama-3.2-1B, draft_model)",spec_casc_tok,strict point,alphaneginf,,identical,,,280,,2.986
"V1 (Llama-3.1-8B-Instruct + Llama-3.2-1B, draft_model)",spec_casc_tok,loosest,alpha0.8,False,differs,True,261,280,4.388,2.986
