target,setting,method,alpha,category,reference,n_pairs,mean_tokens_relaxed,mean_tokens_strict,lambda,mean_think_chars_relaxed,mean_think_chars_strict,mean_answer_chars_relaxed,mean_answer_chars_strict,lambda_think_chars,lambda_answer_chars,extra_chars_total,extra_chars_think,extra_share_think,capout_rate_relaxed,capout_rate_strict,n_pairs_both_finished,lambda_both_finished,ratio_p10,ratio_p25,ratio_p50,ratio_p75,ratio_p90,share_ratio_gt2,share_ratio_lt_half,extra_tokens_total,top10pct_cases,top10pct_share_of_net_extra,top10pct_share_of_positive_extra
qwen3-8b,loosest,spec_casc_opt,0.05,all,strict of runs/addendum/speedbench/qwen3-8b,672,3255.21,2332.43,1.39563,8746.41,6947.41,2362.58,2223.02,1.25895,1.06278,1302710,1208928,0.92801,0.199405,0.0535714,537,1.2339,0.669968,0.941452,1.21311,1.65988,2.47719,0.165179,0.047619,620110,68,0.610787,0.529505
qwen3-8b,loosest,spec_casc_opt,0.05,coding,strict of runs/addendum/speedbench/qwen3-8b,80,7408.68,5495.35,1.34817,23743.3,18064.4,1120.96,2247.72,1.31437,0.49871,364172,454313,1.24752,0.7125,0.2375,23,1.50375,1,1.01011,1.34827,1.90259,2.32345,0.1875,0,153066,8,0.281905,0.279268
qwen3-8b,loosest,spec_casc_opt,0.05,math,strict of runs/addendum/speedbench/qwen3-8b,18,4814.44,2356.5,2.04305,11105.9,6667.33,879.5,1197.33,1.66573,0.734549,74174,79895,1.07713,0.277778,0,13,1.34527,0.688993,1.20442,1.72642,2.86886,5.17855,0.444444,0.0555556,44243,2,0.317858,0.291286
qwen3-8b,loosest,spec_casc_opt,0.05,humanities,strict of runs/addendum/speedbench/qwen3-8b,8,3662.38,2126.75,1.72205,6556.25,5620.88,7474.25,4543.5,1.16641,1.64504,30929,7483,0.241941,0.125,0,7,1.47406,0.90873,1.03848,1.21855,1.88461,2.85451,0.25,0,12285,1,0.447456,0.432766
qwen3-8b,loosest,spec_casc_opt,0.05,stem,strict of runs/addendum/speedbench/qwen3-8b,6,2412.5,2258.67,1.06811,7242.83,7383.67,3816.67,3436.67,0.980926,1.11057,1435,-845,-0.58885,0,0,6,1.06811,0.908318,0.948489,1.03689,1.32465,1.45812,0,0,923,1,0.793066,0.485733
qwen3-8b,loosest,spec_casc_opt,0.05,writing,strict of runs/addendum/speedbench/qwen3-8b,80,4393.79,3203.41,1.3716,8920.89,6287.12,8763.59,8428.74,1.41891,1.03973,237489,210701,0.887203,0.1875,0.0125,65,1.19957,0.927741,1.05141,1.27485,1.61789,2.12749,0.1375,0.0125,95230,8,0.455455,0.410414
qwen3-8b,loosest,spec_casc_opt,0.05,summarization,strict of runs/addendum/speedbench/qwen3-8b,80,653.1,659.6,0.990146,2023.45,2117.55,945.438,903.175,0.955562,1.04679,-4147,-7528,,0,0,80,0.990146,0.613183,0.793542,1.06903,1.31379,1.63088,0.0125,0.0375,-520,8,,0.43424
qwen3-8b,loosest,spec_casc_opt,0.05,roleplay,strict of runs/addendum/speedbench/qwen3-8b,80,1045.16,713.25,1.46535,2315.2,2188.79,1480.08,984.5,1.05775,1.50338,49759,10113,0.20324,0.0375,0,77,1.06436,0.469032,0.819219,1.09337,1.45586,2.13868,0.125,0.1125,26553,8,1.10937,0.794011
qwen3-8b,loosest,spec_casc_opt,0.05,rag,strict of runs/addendum/speedbench/qwen3-8b,80,1671.08,1181.31,1.41459,4097.48,3457.07,1850.8,1399.54,1.18524,1.32244,87333,51232,0.586628,0.0375,0,77,1.23045,0.727803,0.911083,1.14894,1.55662,2.83586,0.15,0.0375,39181,8,0.897016,0.702709
qwen3-8b,loosest,spec_casc_opt,0.05,multilingual,strict of runs/addendum/speedbench/qwen3-8b,80,4703.43,3003.6,1.56593,12770,9279.04,601.938,697.312,1.37622,0.863225,271644,279274,1.02809,0.325,0.1,54,1.37213,0.64814,1,1.53307,2.42396,3.59111,0.3375,0.0625,135986,8,0.385878,0.3474
qwen3-8b,loosest,spec_casc_opt,0.05,reasoning,strict of runs/addendum/speedbench/qwen3-8b,80,3786.09,2829.19,1.33822,10519.8,9190.69,1671.6,1412.15,1.14462,1.18373,127087,106331,0.836679,0.225,0.1,61,1.2466,0.752325,0.961997,1.24356,1.70453,2.12487,0.175,0.025,76552,8,0.56073,0.478161
qwen3-8b,loosest,spec_casc_opt,0.05,qa,strict of runs/addendum/speedbench/qwen3-8b,80,2052.06,1594.42,1.28702,5382.11,5157.62,2179.69,1618.74,1.04353,1.34654,62835,17959,0.285812,0.075,0,74,1.08014,0.500493,0.717278,1.12943,1.55298,2.2529,0.1375,0.1,36611,8,0.900576,0.585943
qwen3-8b,loosest,mentored_dec,0.75,all,strict of runs/addendum/speedbench/qwen3-8b,672,2497.4,2332.43,1.07073,7504.17,6947.41,2276.88,2223.02,1.08014,1.02423,410333,374141,0.911798,0.078869,0.0535714,614,1.07463,0.692712,0.865537,1.0351,1.28898,1.68371,0.0416667,0.0327381,110860,68,1.33799,0.608005
qwen3-8b,loosest,mentored_dec,0.75,coding,strict of runs/addendum/speedbench/qwen3-8b,80,6186.1,5495.35,1.1257,20968.6,18064.4,1753.56,2247.72,1.16077,0.78015,192803,232336,1.20504,0.4375,0.2375,45,1.15409,0.950695,1,1.0531,1.34896,1.58596,0.0125,0,55260,8,0.47785,0.427711
qwen3-8b,loosest,mentored_dec,0.75,math,strict of runs/addendum/speedbench/qwen3-8b,18,2353.22,2356.5,0.998609,6775.11,6667.33,1119.44,1197.33,1.01617,0.934948,538,1940,3.60595,0,0,18,0.998609,0.58389,0.827135,1.00391,1.31013,1.43881,0,0.0555556,-59,2,,0.386782
qwen3-8b,loosest,mentored_dec,0.75,humanities,strict of runs/addendum/speedbench/qwen3-8b,8,2302.88,2126.75,1.08281,6105.12,5620.88,4775.62,4543.5,1.08615,1.05109,5731,3874,0.675973,0,0,8,1.08281,0.803645,0.854686,0.918346,1.17292,1.74347,0,0,1409,1,1.47268,0.698418
qwen3-8b,loosest,mentored_dec,0.75,stem,strict of runs/addendum/speedbench/qwen3-8b,6,1979,2258.67,0.876181,6035,7383.67,3449.5,3436.67,0.817345,1.00373,-8015,-8092,,0,0,6,0.876181,0.607379,0.773832,0.922711,1.11269,1.31247,0,0.166667,-1678,1,,0.636852
qwen3-8b,loosest,mentored_dec,0.75,writing,strict of runs/addendum/speedbench/qwen3-8b,80,3338.86,3203.41,1.04228,6551.65,6287.12,8770.94,8428.74,1.04207,1.0406,48538,21162,0.435988,0.05,0.0125,76,1.02326,0.78398,0.895347,1.01601,1.19629,1.39816,0.025,0.025,10836,8,1.34958,0.515111
qwen3-8b,loosest,mentored_dec,0.75,summarization,strict of runs/addendum/speedbench/qwen3-8b,80,617.837,659.6,0.936685,1907.67,2117.55,927.087,903.175,0.900888,1.02648,-14877,-16790,,0,0,80,0.936685,0.674317,0.836201,0.989129,1.1707,1.38918,0.0125,0.05,-3341,8,,0.558058
qwen3-8b,loosest,mentored_dec,0.75,roleplay,strict of runs/addendum/speedbench/qwen3-8b,80,794.65,713.25,1.11413,2369.9,2188.79,1091.04,984.5,1.08275,1.10821,23012,14489,0.629628,0,0,80,1.11413,0.707271,0.896033,1.13328,1.37909,1.83395,0.05,0.0375,6512,8,0.816032,0.430981
qwen3-8b,loosest,mentored_dec,0.75,rag,strict of runs/addendum/speedbench/qwen3-8b,80,1206.96,1181.31,1.02171,3394.55,3457.07,1558.46,1399.54,0.981914,1.11356,7712,-5002,-0.6486,0,0,80,1.02171,0.631527,0.870963,1.04623,1.26791,1.59098,0.0125,0.0125,2052,8,3.34405,0.51011
qwen3-8b,loosest,mentored_dec,0.75,multilingual,strict of runs/addendum/speedbench/qwen3-8b,80,2999.19,3003.6,0.998531,9482.27,9279.04,670.175,697.312,1.0219,0.961083,14088,16259,1.1541,0.0875,0.1,71,1.03889,0.562988,0.780951,1,1.40206,1.91253,0.075,0.0625,-353,8,,0.490132
qwen3-8b,loosest,mentored_dec,0.75,reasoning,strict of runs/addendum/speedbench/qwen3-8b,80,3294.79,2829.19,1.16457,10869,9190.69,1540.71,1412.15,1.18261,1.09104,144547,134262,0.928847,0.075,0.1,71,1.2875,0.768125,0.940779,1.12612,1.45846,1.97604,0.1,0.0125,37248,8,0.674667,0.473695
qwen3-8b,loosest,mentored_dec,0.75,qa,strict of runs/addendum/speedbench/qwen3-8b,80,1631.6,1594.42,1.02332,4903.91,5157.62,1825.65,1618.74,0.950808,1.12782,-3744,-20297,,0.0125,0,79,0.967274,0.615314,0.743534,0.97053,1.23501,1.5581,0.0625,0.05,2974,8,5.65636,0.690728
qwen3-8b,loosest,cactus,0.35,all,strict of runs/addendum/speedbench/qwen3-8b,672,3138.64,2332.43,1.34565,8316.96,6947.41,4052.57,2223.02,1.19713,1.823,2149791,920335,0.428104,0.205357,0.0535714,530,1.14707,0.645493,0.911799,1.14035,1.66746,2.4721,0.162202,0.0595238,541773,68,0.688883,0.561393
qwen3-8b,loosest,cactus,0.35,coding,strict of runs/addendum/speedbench/qwen3-8b,80,7229.89,5495.35,1.31564,23467.3,18064.4,4355.4,2247.72,1.29909,1.93769,600850,432236,0.719374,0.7375,0.2375,20,1.36965,1,1,1.2835,1.82499,2.05318,0.1375,0,138763,8,0.29781,0.287037
qwen3-8b,loosest,cactus,0.35,math,strict of runs/addendum/speedbench/qwen3-8b,18,2747.44,2356.5,1.1659,7575.89,6667.33,1315.89,1197.33,1.13627,1.09902,18488,16354,0.884574,0,0,18,1.1659,0.883422,0.983077,1.12011,1.49168,1.85881,0.0555556,0.0555556,7037,2,0.533182,0.383248
qwen3-8b,loosest,cactus,0.35,humanities,strict of runs/addendum/speedbench/qwen3-8b,8,3630.88,2126.75,1.70724,8761.12,5620.88,7754.62,4543.5,1.55868,1.70675,50811,25122,0.49442,0.25,0,6,0.987445,0.831375,0.870473,1.13117,1.81521,3.77167,0.25,0,12033,1,0.556553,0.506773
qwen3-8b,loosest,cactus,0.35,stem,strict of runs/addendum/speedbench/qwen3-8b,6,3366.67,2258.67,1.49055,8028.17,7383.67,8012.5,3436.67,1.08729,2.33147,31322,3867,0.12346,0.166667,0,5,1.17026,0.921113,0.965434,1.10047,1.41244,1.99759,0.166667,0,6648,1,0.737214,0.712665
qwen3-8b,loosest,cactus,0.35,writing,strict of runs/addendum/speedbench/qwen3-8b,80,4789.82,3203.41,1.49523,8297.42,6287.12,13616.7,8428.74,1.31975,1.61551,575863,160824,0.279275,0.3375,0.0125,53,1.11034,0.646186,0.998084,1.32384,2.03126,2.95059,0.25,0.05,126913,8,0.38476,0.324379
qwen3-8b,loosest,cactus,0.35,summarization,strict of runs/addendum/speedbench/qwen3-8b,80,831.6,659.6,1.26076,2887.16,2117.55,993.737,903.175,1.36344,1.10027,68814,61569,0.894716,0.0125,0,79,1.11479,0.7433,0.949174,1.11069,1.51848,1.9243,0.0625,0.05,13760,8,0.893096,0.598092
qwen3-8b,loosest,cactus,0.35,roleplay,strict of runs/addendum/speedbench/qwen3-8b,80,1442.42,713.25,2.02233,3047.31,2188.79,2542.85,984.5,1.39224,2.58288,193350,68682,0.355221,0.0625,0,75,1.39369,0.785607,1.07302,1.45111,2.15974,2.99754,0.3125,0.025,58334,8,0.707443,0.652139
qwen3-8b,loosest,cactus,0.35,rag,strict of runs/addendum/speedbench/qwen3-8b,80,1687.66,1181.31,1.42863,3501.96,3457.07,2883.2,1399.54,1.01298,2.06011,122284,3591,0.0293661,0.0375,0,77,1.2324,0.557436,0.801814,1.08861,1.53516,2.43226,0.15,0.1,40508,8,1.05833,0.77005
qwen3-8b,loosest,cactus,0.35,multilingual,strict of runs/addendum/speedbench/qwen3-8b,80,3592.84,3003.6,1.19618,10179,9279.04,2265.7,697.312,1.09698,3.24919,197464,71993,0.364588,0.2125,0.1,62,1.04328,0.559044,0.828818,1.0122,1.46575,1.85043,0.0875,0.075,47139,8,0.856616,0.587953
qwen3-8b,loosest,cactus,0.35,reasoning,strict of runs/addendum/speedbench/qwen3-8b,80,3666.66,2829.19,1.29601,10785.7,9190.69,2865.39,1412.15,1.17355,2.0291,243863,127604,0.523261,0.2125,0.1,61,1.21506,0.672084,0.872004,1.04245,1.48418,3.09202,0.1625,0.0375,66998,8,0.652064,0.51525
qwen3-8b,loosest,cactus,0.35,qa,strict of runs/addendum/speedbench/qwen3-8b,80,1889.92,1594.42,1.18533,4513.79,5157.62,2846.1,1618.74,0.875168,1.75822,46682,-51507,-1.10336,0.075,0,74,0.949237,0.426118,0.71081,1.06944,1.38255,2.15059,0.15,0.15,23640,8,1.34505,0.67013
qwen3-8b,loosest,r_fuzzy,0.25,all,strict of runs/addendum/speedbench/qwen3-8b,672,2796.07,2332.43,1.19878,8418.49,6947.41,2198.1,2223.02,1.21175,0.988792,971823,988567,1.01723,0.136905,0.0535714,573,1.1426,0.539487,0.83781,1.11728,1.53743,2.10923,0.11756,0.0818452,311562,68,0.85253,0.556189
qwen3-8b,loosest,r_fuzzy,0.25,coding,strict of runs/addendum/speedbench/qwen3-8b,80,7407.19,5495.35,1.3479,24829.1,18064.4,1829.29,2247.72,1.37448,0.81384,507701,541176,1.06593,0.7625,0.2375,16,1.45846,1,1,1.38845,1.96321,2.63457,0.1875,0.05,152947,8,0.289676,0.263055
qwen3-8b,loosest,r_fuzzy,0.25,math,strict of runs/addendum/speedbench/qwen3-8b,18,3268.39,2356.5,1.38697,8815.83,6667.33,951.722,1197.33,1.32224,0.794868,34252,38673,1.12907,0.0555556,0,17,1.36607,0.85759,1.09599,1.37646,1.82497,2.30204,0.222222,0.0555556,16414,2,0.371147,0.318303
qwen3-8b,loosest,r_fuzzy,0.25,humanities,strict of runs/addendum/speedbench/qwen3-8b,8,2375.25,2126.75,1.11684,6385.5,5620.88,5034.88,4543.5,1.13603,1.10815,10048,6117,0.608778,0,0,8,1.11684,0.760133,0.867136,1.08208,1.52378,1.63509,0,0,1988,1,0.850604,0.466869
qwen3-8b,loosest,r_fuzzy,0.25,stem,strict of runs/addendum/speedbench/qwen3-8b,6,2177.83,2258.67,0.964212,7787,7383.67,2566.83,3436.67,1.05463,0.746896,-2799,2420,,0,0,6,0.964212,0.820957,0.909314,0.942821,1.08284,1.23948,0,0,-485,1,,0.799769
qwen3-8b,loosest,r_fuzzy,0.25,writing,strict of runs/addendum/speedbench/qwen3-8b,80,3242.5,3203.41,1.0122,6914.39,6287.12,8145.29,8428.74,1.09977,0.966371,27505,50181,1.82443,0.0125,0.0125,78,1.01849,0.543468,0.820415,1.00984,1.29137,1.54019,0.025,0.075,3127,8,6.17397,0.469401
qwen3-8b,loosest,r_fuzzy,0.25,summarization,strict of runs/addendum/speedbench/qwen3-8b,80,634.15,659.6,0.961416,1889.75,2117.55,1020.66,903.175,0.892423,1.13008,-8825,-18224,,0,0,80,0.961416,0.309853,0.540208,0.97762,1.35865,1.71557,0.0625,0.1875,-2036,8,,0.487775
qwen3-8b,loosest,r_fuzzy,0.25,roleplay,strict of runs/addendum/speedbench/qwen3-8b,80,894.025,713.25,1.25345,2998.18,2188.79,943.5,984.5,1.36979,0.958354,61471,64751,1.05336,0,0,80,1.25345,0.663272,0.91913,1.2626,1.611,2.15962,0.15,0.0375,14462,8,0.524685,0.382691
qwen3-8b,loosest,r_fuzzy,0.25,rag,strict of runs/addendum/speedbench/qwen3-8b,80,1339.6,1181.31,1.13399,3764.59,3457.07,1577.79,1399.54,1.08895,1.12736,38861,24601,0.633051,0,0,80,1.13399,0.517525,0.711879,1.02483,1.63303,2.33517,0.1375,0.1,12663,8,1.71902,0.657842
qwen3-8b,loosest,r_fuzzy,0.25,multilingual,strict of runs/addendum/speedbench/qwen3-8b,80,3507.66,3003.6,1.16782,10351.4,9279.04,782.5,697.312,1.11557,1.12217,92604,85789,0.926407,0.1625,0.1,65,1.20619,0.227801,0.780735,1.06022,1.65443,2.46895,0.1375,0.125,40325,8,0.872982,0.482802
qwen3-8b,loosest,r_fuzzy,0.25,reasoning,strict of runs/addendum/speedbench/qwen3-8b,80,3694.35,2829.19,1.3058,11481.9,9190.69,1538.21,1412.15,1.2493,1.08927,193383,183298,0.94785,0.1875,0.1,64,1.29572,0.65038,0.93981,1.33586,1.69403,2.33693,0.1625,0.025,69213,8,0.525739,0.441843
qwen3-8b,loosest,r_fuzzy,0.25,qa,strict of runs/addendum/speedbench/qwen3-8b,80,1631.22,1594.42,1.02308,5279.94,5157.62,1716.7,1618.74,1.02371,1.06052,17622,9785,0.555272,0.0125,0,79,1.01126,0.553738,0.774948,1.08979,1.34061,1.61382,0.075,0.075,2944,8,4.78023,0.550501
qwen3-8b,loosest,spec_casc_tok,0.8,all,strict of runs/addendum/speedbench/qwen3-8b,672,2352.18,2332.43,1.00847,6946.97,6947.41,2227.95,2223.02,0.999937,1.00222,3018,-294,-0.0974155,0.0595238,0.0535714,625,1.00086,0.675969,0.839057,1,1.19111,1.54724,0.0238095,0.0327381,13269,68,8.66719,0.669821
qwen3-8b,loosest,spec_casc_tok,0.8,coding,strict of runs/addendum/speedbench/qwen3-8b,80,5681.5,5495.35,1.03387,18704.9,18064.4,2097.47,2247.72,1.03546,0.933155,39223,51243,1.30645,0.2875,0.2375,54,1.03175,0.82386,0.993583,1.01182,1.16669,1.35,0,0,14892,8,1.24046,0.523063
qwen3-8b,loosest,spec_casc_tok,0.8,math,strict of runs/addendum/speedbench/qwen3-8b,18,2214.67,2356.5,0.939812,6136.44,6667.33,1178.72,1197.33,0.920375,0.984456,-9891,-9556,,0,0,18,0.939812,0.583874,0.777543,0.896573,1.09068,1.64267,0,0.0555556,-2553,2,,0.625224
qwen3-8b,loosest,spec_casc_tok,0.8,humanities,strict of runs/addendum/speedbench/qwen3-8b,8,1943.25,2126.75,0.913718,4609.38,5620.88,4696,4543.5,0.820046,1.03356,-6872,-8092,,0,0,8,0.913718,0.77408,0.828806,0.904483,0.987612,1.08645,0,0,-1468,1,,0.586387
qwen3-8b,loosest,spec_casc_tok,0.8,stem,strict of runs/addendum/speedbench/qwen3-8b,6,1930.33,2258.67,0.854634,5294.33,7383.67,3501.67,3436.67,0.717033,1.01891,-12146,-12536,,0,0,6,0.854634,0.62256,0.702513,0.867677,1.03565,1.15688,0,0,-1970,1,,0.747951
qwen3-8b,loosest,spec_casc_tok,0.8,writing,strict of runs/addendum/speedbench/qwen3-8b,80,3223.59,3203.41,1.0063,6479.59,6287.12,8314.69,8428.74,1.03061,0.986469,6273,15397,2.45449,0.0375,0.0125,77,0.998729,0.796072,0.874596,0.984287,1.14154,1.32167,0.0125,0.0125,1614,8,8.86803,0.609816
qwen3-8b,loosest,spec_casc_tok,0.8,summarization,strict of runs/addendum/speedbench/qwen3-8b,80,588.513,659.6,0.892226,1778.01,2117.55,915.825,903.175,0.839655,1.01401,-26151,-27163,,0,0,80,0.892226,0.635775,0.761839,0.940789,1.12965,1.39246,0,0.025,-5687,8,,0.507046
qwen3-8b,loosest,spec_casc_tok,0.8,roleplay,strict of runs/addendum/speedbench/qwen3-8b,80,755.2,713.25,1.05882,2271.88,2188.79,1085.12,984.5,1.03796,1.10221,14697,6647,0.452269,0,0,80,1.05882,0.771231,0.894006,1.04753,1.22133,1.59704,0.025,0,3356,8,1.02682,0.426538
qwen3-8b,loosest,spec_casc_tok,0.8,rag,strict of runs/addendum/speedbench/qwen3-8b,80,1159.7,1181.31,0.981705,3239.44,3457.07,1479.31,1399.54,0.937046,1.057,-11029,-17411,,0,0,80,0.981705,0.622534,0.81933,0.981692,1.21806,1.65999,0.025,0.05,-1729,8,,0.593752
qwen3-8b,loosest,spec_casc_tok,0.8,multilingual,strict of runs/addendum/speedbench/qwen3-8b,80,3023.47,3003.6,1.00662,9386.12,9279.04,700.625,697.312,1.01154,1.00475,8832,8567,0.969995,0.0875,0.1,72,1.02363,0.580246,0.839149,1,1.27859,1.7872,0.0625,0.075,1590,8,10.0006,0.517543
qwen3-8b,loosest,spec_casc_tok,0.8,reasoning,strict of runs/addendum/speedbench/qwen3-8b,80,2890.9,2829.19,1.02181,9224.45,9190.69,1537.88,1412.15,1.00367,1.08903,12759,2701,0.211694,0.0625,0.1,72,1.05469,0.721269,0.874484,1,1.20864,1.60334,0.0375,0.0375,4937,8,3.63601,0.665074
qwen3-8b,loosest,spec_casc_tok,0.8,qa,strict of runs/addendum/speedbench/qwen3-8b,80,1598.01,1594.42,1.00225,5031.49,5157.62,1586.41,1618.74,0.975543,0.980031,-12677,-10091,,0.025,0,78,0.924985,0.606176,0.746791,0.964377,1.16784,1.57366,0.0375,0.0625,287,8,63.7979,0.774436
